unit_price,avg_comp_price,price_premium,price_vs_comp1,price_vs_comp2,price_vs_comp3,is_anomaly
45.95,116.94999999999999,0.3929029499786234,-43.95,-169.05,0.0,False
45.95,114.94999999999999,0.3997390169638974,-43.95,-163.05,0.0,False
45.95,113.61666666666666,0.4044301012175444,-43.95,-159.05,0.0,False
45.95,111.78660130000002,0.41105105142864734,-43.95,-153.55980390000002,0.0,False
45.95,99.7495699,0.4606536153094732,-43.95,-117.44870970000001,0.0,False
45.95,60.6,0.7582508250825083,-43.95,0.0,0.0,False
40.53181818,56.98787878666667,0.711235775799452,-49.368181820000004,0.0,0.0,False
39.99,56.15607843000001,0.7121223760282436,-48.498235290000004,0.0,0.0,False
39.99,55.62666666666667,0.7188998082454457,-46.910000000000004,0.0,0.0,False
39.99,55.62666666666667,0.7188998082454457,-46.910000000000004,0.0,0.0,False
39.99,55.62666666666667,0.7188998082454457,-46.910000000000004,0.0,0.0,False
39.99,55.00833333333333,0.7269807604908347,-45.055,0.0,0.0,False
39.99,54.54320512666667,0.733180235872287,-43.65961538,0.0,0.0,False
39.99,53.293333333333344,0.7503752814610957,-39.910000000000004,0.0,0.0,False
39.99,52.63777777666667,0.7597205218212463,-37.943333329999994,0.0,0.0,False
39.24,50.826666666666675,0.7720356768100733,-34.76,0.0,0.0,False
69.9,69.9,1.0,0.0,0.0,0.0,False
82.63333333,82.63333333,1.0,0.0,0.0,0.0,False
97.58823529,72.46274509666667,1.3467366597803527,37.68823529,37.68823529,0.0,False
89.0,69.60000000000001,1.2787356321839078,29.1,29.1,0.0,False
89.0,59.9,1.4858096828046745,29.1,29.1,29.1,False
97.33333333,59.9,1.6249304395659434,37.43333333,37.43333333,37.43333333,False
99.0,59.9,1.652754590984975,39.1,39.1,39.1,False
99.0,59.9,1.652754590984975,39.1,39.1,39.1,False
99.0,53.28031332666666,1.858097181092416,46.59305556,45.35171875,45.21428571,False
99.0,55.425000000000004,1.7861975642760486,43.9,43.575,43.25,False
99.5,49.9,1.993987975951904,49.6,49.6,49.6,False
101.0,50.60076805,1.9960171335778767,50.45483871,50.1,50.64285714,False
101.0,53.9,1.8738404452690167,47.1,47.1,47.1,False
101.0,53.9,1.8738404452690167,47.1,47.1,47.1,False
19.9,19.9,1.0,0.0,0.0,0.0,False
19.9,19.9,1.0,0.0,0.0,0.0,False
19.9,19.9,1.0,0.0,0.0,0.0,False
21.54285714,21.250793650000002,1.013743650934185,0.0,0.8761904699999974,0.0,False
24.5,24.5,1.0,0.0,0.0,0.0,False
24.5,24.5,1.0,0.0,0.0,0.0,False
32.5,32.5,1.0,0.0,0.0,0.0,False
32.5,32.58095238,0.9975153464191031,0.0,-0.24285713999999814,0.0,False
35.05714286,34.77142857333333,1.0082169268962906,0.0,0.8571428599999962,0.0,False
36.2,36.2,1.0,0.0,0.0,0.0,False
36.2,36.2,1.0,0.0,0.0,0.0,False
36.2,36.2,1.0,0.0,0.0,0.0,False
59.9,59.9,1.0,0.0,0.0,0.0,False
59.9,59.9,1.0,0.0,0.0,0.0,False
59.9,59.9,1.0,0.0,0.0,0.0,False
59.9,59.9,1.0,0.0,0.0,0.0,False
59.9,59.9,1.0,0.0,0.0,0.0,False
59.9,59.9,1.0,0.0,0.0,0.0,False
51.32222222,53.28031332666666,0.963249256912935,-1.0847222199999962,-2.326059029999996,-2.463492070000001,False
56.97777778,55.425000000000004,1.0280158372575552,1.8777777799999953,1.5527777799999996,1.2277777799999967,False
49.9,49.9,1.0,0.0,0.0,0.0,False
51.4,50.60076805,1.015794858078246,0.8548387099999957,0.5,1.0428571399999953,False
53.9,53.9,1.0,0.0,0.0,0.0,False
53.9,53.9,1.0,0.0,0.0,0.0,False
52.9,53.39419002333333,0.9907444981726032,-0.5151515200000034,-0.8095238100000017,-0.15789474000000325,False
49.9,49.9,1.0,0.0,0.0,0.0,False
49.9,49.903333333333336,0.9999332041947765,-0.00999999999999801,0.0,0.0,False
49.9,49.903333333333336,0.9999332041947765,-0.00999999999999801,0.0,0.0,False
19.99,34.99,0.571306087453558,0.0,0.0,-45.0,False
19.99,58.32333333333332,0.3427444704806539,0.0,-70.0,-45.0,False
19.99,34.99,0.571306087453558,0.0,0.0,-45.0,False
19.99,58.32333333333332,0.3427444704806539,0.0,-70.0,-45.0,False
19.99,56.25984127,0.3553156132109364,0.0,-70.0,-38.80952381,False
19.99,56.41222222333332,0.3543558330473232,0.0,-70.0,-39.266666670000006,False
23.39740741,57.45913580333333,0.40720082338312275,0.0,-66.59259259,-35.59259259,False
23.99,57.656666666666666,0.4160837139388333,0.0,-66.0,-35.0,False
23.99,57.656666666666666,0.4160837139388333,0.0,-66.0,-35.0,False
23.99,57.656666666666666,0.4160837139388333,0.0,-66.0,-35.0,False
23.99,57.656666666666666,0.4160837139388333,0.0,-66.0,-35.0,False
23.99,57.656666666666666,0.4160837139388333,0.0,-66.0,-35.0,False
23.99,57.656666666666666,0.4160837139388333,0.0,-66.0,-35.0,False
23.99,55.57333333333333,0.43168186180422263,0.0,-59.75,-35.0,False
23.99,54.32333333333333,0.4416150211695404,0.0,-56.0,-35.0,False
23.99,54.32333333333333,0.4416150211695404,0.0,-56.0,-35.0,False
23.99,54.32333333333333,0.4416150211695404,0.0,-56.0,-35.0,False
23.99,55.26714285666666,0.43407346137319236,0.0,-58.83142857,-35.0,False
134.99,121.65666666666668,1.109598049154725,35.000000000000014,5.0,0.0,False
134.99,117.30250000000001,1.1507853626308049,35.000000000000014,18.062500000000014,0.0,False
146.99,122.32333333333334,1.2016513611466877,47.000000000000014,27.000000000000014,0.0,False
157.3603704,129.1134568,1.2187759068658133,57.3703704,27.370370399999985,0.0,False
166.99,132.32333333333335,1.2619845328362345,67.00000000000001,37.0,0.0,False
166.99,86.49333333333334,1.930669030368429,67.00000000000001,37.0,137.49,False
176.99,135.65666666666667,1.3046907634469371,77.00000000000001,47.0,0.0,False
173.8081818,88.32666666666667,1.967788306287267,73.8181818,43.81818179999999,138.8081818,False
169.99,84.95111111,2.001033274066143,80.12666667,40.0,134.99,False
110.99,57.656666666666666,1.925015898710759,87.0,21.0,51.99999999999999,False
110.99,57.656666666666666,1.925015898710759,87.0,21.0,51.99999999999999,False
110.99,55.57333333333333,1.9971809021113245,87.0,27.25,51.99999999999999,False
116.5284615,85.16948716666667,1.3681949413640064,0.0,36.53846150000001,57.538461500000004,False
119.99,54.32333333333333,2.208811437687918,96.0,40.0,60.99999999999999,False
122.99,54.32333333333333,2.2640363257041174,99.0,43.0,63.99999999999999,False
122.99,54.32333333333333,2.2640363257041174,99.0,43.0,63.99999999999999,False
122.99,55.26714285666666,2.2253728642888255,99.0,40.16857143,63.99999999999999,False
56.99,56.99,1.0,0.0,0.0,0.0,False
56.99,56.99,1.0,0.0,0.0,0.0,False
56.99,85.49333333333334,0.666601684341859,0.0,-85.50999999999999,0.0,False
56.99,85.49333333333334,0.666601684341859,0.0,-85.50999999999999,0.0,False
56.99,85.49333333333334,0.666601684341859,0.0,-85.50999999999999,0.0,False
56.99,77.34333333333333,0.7368443735723829,0.0,-61.059999999999995,0.0,False
56.99,77.32666666666667,0.7370031899301664,0.0,-61.01,0.0,False
56.99,77.29333333333334,0.737321028117992,0.0,-60.910000000000004,0.0,False
56.99,77.28962963333333,0.7373563603599086,0.0,-60.898888899999996,0.0,False
50.49,72.89333333333333,0.6926559356136821,0.0,-67.21000000000001,0.0,False
49.99,72.65166666666667,0.6880778142277075,0.0,-67.98499999999999,0.0,False
49.99,72.89333333333333,0.6857965977684288,0.0,-68.71000000000001,0.0,False
49.99,72.29555556666666,0.6914671255814916,0.0,-66.91666670000001,0.0,False
99.99,109.99000000000001,0.9090826438767159,0.0,-30.000000000000014,0.0,False
99.99,109.99000000000001,0.9090826438767159,0.0,-30.000000000000014,0.0,False
99.99,109.99000000000001,0.9090826438767159,0.0,-30.000000000000014,0.0,False
99.99,109.99000000000001,0.9090826438767159,0.0,-30.000000000000014,0.0,False
99.99,105.63583333333332,0.9465538051324125,0.0,-16.9375,0.0,False
99.99,76.49333333333333,1.3071727383649991,0.0,0.0,70.49,False
99.99,106.65666666666665,0.9374941400756321,0.0,-20.0,0.0,False
99.99,109.99000000000001,0.9090826438767159,0.0,-30.000000000000014,0.0,False
99.99,109.99000000000001,0.9090826438767159,0.0,-30.000000000000014,0.0,False
99.99,86.49333333333334,1.1560428549406503,0.0,-30.000000000000014,70.49,False
99.99,109.99000000000001,0.9090826438767159,0.0,-30.000000000000014,0.0,False
97.952,88.32666666666667,1.1089742622084686,-2.0379999999999967,-32.03800000000001,62.952,False
84.6925,84.95111111,0.9969557654205943,-5.170833330000008,-45.297500000000014,49.692499999999995,False
89.99,58.32333333333332,1.542950220037721,70.0,0.0,25.0,False
89.99,58.32333333333332,1.542950220037721,70.0,0.0,25.0,False
89.99,56.25984127,1.599542372829023,70.0,0.0,31.19047619,False
89.99,56.41222222333332,1.5952216816372493,70.0,0.0,30.733333329999994,False
89.99,57.45913580333333,1.566156517007335,66.59259259,0.0,30.999999999999993,False
89.99,57.656666666666666,1.5607908885933977,66.0,0.0,30.999999999999993,False
89.99,57.656666666666666,1.5607908885933977,66.0,0.0,30.999999999999993,False
89.99,57.656666666666666,1.5607908885933977,66.0,0.0,30.999999999999993,False
89.99,57.656666666666666,1.5607908885933977,66.0,0.0,30.999999999999993,False
89.99,57.656666666666666,1.5607908885933977,66.0,0.0,30.999999999999993,False
89.99,57.656666666666666,1.5607908885933977,66.0,0.0,30.999999999999993,False
83.74,55.57333333333333,1.506837811900192,59.75,0.0,24.749999999999993,False
79.99,72.99,1.095903548431292,0.0,0.0,20.999999999999993,False
79.99,54.32333333333333,1.4724795974719274,56.0,0.0,20.999999999999993,False
79.99,54.32333333333333,1.4724795974719274,56.0,0.0,20.999999999999993,False
79.99,54.32333333333333,1.4724795974719274,56.0,0.0,20.999999999999993,False
82.82142857,55.26714285666666,1.4985654095561693,58.83142857,0.0,23.831428569999993,False
59.9,59.9,1.0,0.0,0.0,0.0,False
59.9,59.9,1.0,0.0,0.0,0.0,False
59.9,59.9,1.0,0.0,0.0,0.0,False
59.9,59.9,1.0,0.0,0.0,0.0,False
53.78571429,53.28031332666666,1.0094856980332432,1.3787698500000047,0.13743304000000478,0.0,False
55.75,55.425000000000004,1.0058637798827244,0.6499999999999986,0.32500000000000284,0.0,False
49.9,49.9,1.0,0.0,0.0,0.0,False
50.35714286,50.60076805,0.9951853460058301,-0.18801842999999963,-0.5428571399999953,0.0,False
53.9,53.9,1.0,0.0,0.0,0.0,False
53.9,53.9,1.0,0.0,0.0,0.0,False
53.05789474,53.39419002333333,0.9937016502509661,-0.35725678000000016,-0.6516290699999985,0.0,False
49.9,49.9,1.0,0.0,0.0,0.0,False
49.9,49.903333333333336,0.9999332041947765,-0.00999999999999801,0.0,0.0,False
49.9,49.903333333333336,0.9999332041947765,-0.00999999999999801,0.0,0.0,False
167.0,162.89862746666665,1.025177452978679,12.304117600000012,0.0,0.0,False
119.9,126.59666666666665,0.9471023460333344,-30.090000000000003,0.0,10.0,False
93.09489362,134.8361323,0.6904298724089106,-63.41645778,-57.25965188000001,-4.547606380000005,False
77.155,125.87076023333333,0.6129700007926676,-71.845,-72.745,-1.5572806999999926,False
88.0,122.35559004666668,0.7192151986389557,-48.142857099999986,-61.900000000000006,6.9760869600000035,False
88.0,117.16324785666666,0.7510887723738767,-32.9230769,-61.900000000000006,7.333333330000002,False
89.9,114.43038459999998,0.7856304976536802,-24.5911538,-60.0,11.0,False
78.9,115.92999999999999,0.6805831104977142,-41.08999999999999,-71.0,1.0,False
59.9,59.9,1.0,0.0,0.0,0.0,False
59.9,59.9,1.0,0.0,0.0,0.0,False
59.9,59.9,1.0,0.0,0.0,0.0,False
59.9,59.9,1.0,0.0,0.0,0.0,False
59.9,59.9,1.0,0.0,0.0,0.0,False
59.9,59.9,1.0,0.0,0.0,0.0,False
53.64828125,53.28031332666666,1.0069062642533142,1.24133681,0.0,-0.13743304000000478,False
55.425,55.425000000000004,0.9999999999999999,0.32499999999999574,0.0,-0.32500000000000284,False
49.9,49.9,1.0,0.0,0.0,0.0,False
50.9,50.60076805,1.0059135851397418,0.35483870999999567,0.0,0.5428571399999953,False
53.9,53.9,1.0,0.0,0.0,0.0,False
53.9,53.9,1.0,0.0,0.0,0.0,False
53.70952381,53.39419002333333,1.0059057696451406,0.2943722899999983,0.0,0.6516290699999985,False
49.9,49.9,1.0,0.0,0.0,0.0,False
49.9,49.903333333333336,0.9999332041947765,-0.00999999999999801,0.0,0.0,False
49.9,49.903333333333336,0.9999332041947765,-0.00999999999999801,0.0,0.0,False
150.3545455,134.8361323,1.11509091024261,-6.156805899999995,0.0,52.7120455,False
149.9,125.87076023333333,1.1909040647893314,0.9000000000000057,0.0,71.18771930000001,False
149.9,122.35559004666668,1.2251177076815847,13.75714290000002,0.0,68.87608696000001,False
149.9,117.16324785666666,1.2794114429414105,28.976923100000008,0.0,69.23333333000001,False
149.9,116.23333333333333,1.289647261256094,30.900000000000006,0.0,70.10000000000001,False
149.9,114.43038459999998,1.3099667586016313,35.4088462,0.0,71.0,False
149.9,115.92999999999999,1.293021650996291,29.91000000000001,0.0,72.0,False
149.9,115.92999999999999,1.293021650996291,29.91000000000001,0.0,72.0,False
61.99,57.656666666666666,1.0751575417702492,38.0,-27.999999999999993,3.0,False
61.99,55.57333333333333,1.1154630518234165,38.0,-21.749999999999993,3.0,False
64.99,67.99,0.9558758640976615,0.0,-15.0,5.999999999999993,False
64.99,54.32333333333333,1.1963551573909308,41.0,-15.0,5.999999999999993,False
66.99,54.32333333333333,1.2331717494017302,43.0,-13.0,7.999999999999993,False
66.99,54.32333333333333,1.2331717494017302,43.0,-13.0,7.999999999999993,False
66.99,55.26714285666666,1.2121125959729118,43.0,-15.83142857,7.999999999999993,False
59.9,59.9,1.0,0.0,0.0,0.0,False
59.9,59.9,1.0,0.0,0.0,0.0,False
59.9,59.9,1.0,0.0,0.0,0.0,False
59.9,59.9,1.0,0.0,0.0,0.0,False
59.9,59.9,1.0,0.0,0.0,0.0,False
59.9,59.9,1.0,0.0,0.0,0.0,False
52.40694444,53.28031332666666,0.983608037713443,0.0,-1.24133681,-1.3787698500000047,False
55.1,55.425000000000004,0.9941362201172755,0.0,-0.32499999999999574,-0.6499999999999986,False
49.9,49.9,1.0,0.0,0.0,0.0,False
50.54516129,50.60076805,0.9989010688544283,0.0,-0.35483870999999567,0.18801842999999963,False
53.9,53.9,1.0,0.0,0.0,0.0,False
53.9,53.9,1.0,0.0,0.0,0.0,False
53.41515152,53.39419002333333,1.0003925801038935,0.0,-0.2943722899999983,0.35725678000000016,False
49.9,49.9,1.0,0.0,0.0,0.0,False
49.91,49.903333333333336,1.0001335916104468,0.0,0.00999999999999801,0.00999999999999801,False
49.91,49.903333333333336,1.0001335916104468,0.0,0.00999999999999801,0.00999999999999801,False
47.35789474,57.656666666666666,0.8213776043244493,23.36789474,-42.632105259999996,-11.632105260000003,False
48.45944444,55.57333333333333,0.8719909628119002,24.46944444,-35.280555559999996,-10.530555560000003,False
53.70176471,64.22725490333333,0.8361211263166244,0.0,-26.288235289999996,-5.288235290000003,False
52.06928571,54.32333333333333,0.9585068241394122,28.079285710000004,-27.920714289999992,-6.920714289999999,False
49.98,54.32333333333333,0.9200466343498803,25.99,-30.009999999999998,-9.010000000000005,False
51.512,54.32333333333333,0.9482481438301529,27.522000000000002,-28.477999999999994,-7.4780000000000015,False
50.71,55.26714285666666,0.9175433608267856,26.720000000000002,-32.111428569999994,-8.280000000000001,False
157.99,168.66333333333333,0.9367181169588332,-5.009999999999991,0.0,-27.00999999999999,False
171.792,176.9219697,0.971004337625798,10.201090899999997,0.0,-25.591000000000008,False
169.9,170.15641026666665,0.9984930907612307,9.230769199999997,0.0,-10.0,False
160.4,157.91619046666668,1.0157286566120503,11.621428600000002,0.0,-4.1699999999999875,False
149.475,172.28833333333333,0.8675863136408927,14.574999999999989,0.0,-83.01500000000001,False
140.56,138.47777776666666,1.015036508145313,7.560000000000002,32.56,-33.873333299999985,False
149.0,147.65333333333334,1.0091204623442298,0.0,41.0,-36.96000000000001,False
148.5,151.83333333333334,0.978046103183315,0.0,40.5,-50.5,False
145.9942857,139.4138889,1.0472004392956864,17.75261900000001,37.994285700000006,-36.005714299999994,False
123.9666667,124.98752830000001,0.9918322922783969,6.525376399999999,18.323809600000004,-27.911770799999985,False
119.19,120.26065276666667,0.9910972313717273,13.541375000000002,14.189999999999998,-30.943333300000006,False
118.1318182,113.77459113333333,1.038297013623722,14.339294800000005,13.131818199999998,-14.399431800000002,False
139.9,120.74000000000001,1.1586880901109822,20.900000000000006,34.900000000000006,1.6800000000000068,False
138.98,126.12121213333334,1.101955790379437,20.616363599999985,33.97999999999999,-16.02000000000001,False
138.0,120.85030303333333,1.141908597133897,26.0,33.0,-7.550909100000013,False
84.99,57.45913580333333,1.4791381529109169,61.592592589999995,-5.0,25.999999999999993,False
84.99,57.656666666666666,1.474070648089264,61.0,-5.0,25.999999999999993,False
84.99,57.656666666666666,1.474070648089264,61.0,-5.0,25.999999999999993,False
84.99,57.656666666666666,1.474070648089264,61.0,-5.0,25.999999999999993,False
84.99,57.656666666666666,1.474070648089264,61.0,-5.0,25.999999999999993,False
84.99,57.656666666666666,1.474070648089264,61.0,-5.0,25.999999999999993,False
84.99,57.656666666666666,1.474070648089264,61.0,-5.0,25.999999999999993,False
84.99,55.57333333333333,1.5293306142034548,61.0,1.25,25.999999999999993,False
84.99,54.32333333333333,1.5645210774989262,61.0,5.0,25.999999999999993,False
179.99,179.99,1.0,0.0,0.0,0.0,False
179.99,179.99,1.0,0.0,0.0,0.0,False
179.99,59.9,3.0048414023372287,120.09,120.09,120.09,False
179.99,59.9,3.0048414023372287,120.09,120.09,120.09,False
179.99,53.28031332666666,3.3781708244931714,127.58305556000002,126.34171875000001,126.20428571000001,False
183.99,55.425000000000004,3.319621109607578,128.89000000000001,128.565,128.24,False
187.8542857,49.9,3.7646149438877754,137.95428569999999,137.95428569999999,137.95428569999999,True
179.0,50.60076805,3.537495711984554,128.45483871,128.1,128.64285714,False
175.1538462,53.9,3.249607536178108,121.2538462,121.2538462,121.2538462,False
179.0,53.9,3.320964749536178,125.1,125.1,125.1,False
179.0,53.39419002333333,3.3524246724555007,125.58484848,125.29047618999999,125.94210526,False
159.0,49.9,3.1863727454909823,109.1,109.1,109.1,False
139.0,49.903333333333336,2.785385077817113,89.09,89.1,89.1,False
139.0,49.903333333333336,2.785385077817113,89.09,89.1,89.1,False
59.9,59.9,1.0,0.0,0.0,0.0,False
59.9,59.9,1.0,0.0,0.0,0.0,False
59.9,59.9,1.0,0.0,0.0,0.0,False
59.9,59.9,1.0,0.0,0.0,0.0,False
59.9,59.9,1.0,0.0,0.0,0.0,False
59.9,59.9,1.0,0.0,0.0,0.0,False
59.9,59.9,1.0,0.0,0.0,0.0,False
53.37910448,53.28031332666666,1.001854177409349,0.9721600400000057,-0.2691767699999943,-0.4066098099999991,False
55.77096774,55.425000000000004,1.0062420882273342,0.6709677400000018,0.3459677400000061,0.020967740000003232,False
49.9,49.9,1.0,0.0,0.0,0.0,False
51.025,50.60076805,1.0083839033743678,0.47983870999999567,0.125,0.6678571399999953,False
53.9,53.9,1.0,0.0,0.0,0.0,False
53.9,53.9,1.0,0.0,0.0,0.0,False
52.56666667,53.39419002333333,0.9845016217500124,-0.8484848500000055,-1.1428571400000038,-0.49122807000000535,False
49.9,49.9,1.0,0.0,0.0,0.0,False
49.9,49.903333333333336,0.9999332041947765,-0.00999999999999801,0.0,0.0,False
49.9,49.903333333333336,0.9999332041947765,-0.00999999999999801,0.0,0.0,False
163.0,170.33333333333334,0.9569471624266144,0.0,0.0,-22.0,False
161.5909091,173.52160606666666,0.9312437382461588,0.0,0.0,-35.792090900000005,False
160.6692308,167.07948720000002,0.9616334924925481,0.0,0.0,-19.230769199999997,False
148.7785714,154.04238093333333,0.9658288225523377,0.0,0.0,-15.791428599999989,False
134.9,167.43,0.8057098488920743,0.0,0.0,-97.59,False
133.0,138.47777776666666,0.9604429110936727,0.0,25.0,-41.43333329999999,False
149.0,147.65333333333334,1.0091204623442298,0.0,41.0,-36.96000000000001,False
128.2416667,139.4138889,0.9198629183351044,0.0,20.241666699999996,-53.758333300000004,False
117.4412903,124.98752830000001,0.9396240720763177,0.0,11.798433200000005,-34.437147199999984,False
105.648625,120.26065276666667,0.8784970193449942,0.0,0.6486249999999956,-44.48470830000001,False
103.7925234,113.77459113333333,0.9122645255509179,0.0,-1.2074766000000068,-28.738726600000007,False
119.0,120.74000000000001,0.9855888686433658,0.0,14.0,-19.22,False
118.3636364,126.12121213333334,0.9384911102413751,0.0,13.363636400000004,-36.636363599999996,False
112.0,120.85030303333333,0.9267663976738874,0.0,7.0,-33.55090910000001,False
29.5,52.99666666666667,0.5566387823133531,-70.49,0.0,0.0,False
29.5,86.49333333333334,0.34106674888238014,-70.49,-100.49000000000001,0.0,False
35.0,88.32666666666667,0.39625632123179105,-64.99,-94.99000000000001,0.0,False
35.0,84.95111111,0.41200167417092187,-54.86333333,-94.99000000000001,0.0,False
35.0,35.0,1.0,0.0,0.0,0.0,False
65.0,65.0,1.0,0.0,0.0,0.0,False
65.0,65.0,1.0,0.0,0.0,0.0,False
142.5,113.99666666666667,1.2500365507763385,85.50999999999999,0.0,0.0,False
142.5,113.99666666666667,1.2500365507763385,85.50999999999999,0.0,0.0,False
142.5,113.99666666666667,1.2500365507763385,85.50999999999999,0.0,0.0,False
118.05,97.69666666666666,1.208331911699478,61.059999999999995,0.0,0.0,False
118.0,97.66333333333334,1.208232362879279,61.01,0.0,0.0,False
117.9,97.59666666666668,1.2080330612384302,60.910000000000004,0.0,0.0,False
117.8888889,97.58925926666666,1.2080108998251926,60.898888899999996,0.0,0.0,False
117.7,95.29666666666667,1.235090419392074,67.21000000000001,0.0,0.0,False
117.975,95.31333333333333,1.23775966986081,67.98499999999999,0.0,0.0,False
119.9,119.90000000000002,0.9999999999999999,0.0,0.0,0.0,False
119.1785714,119.1785714,1.0,0.0,0.0,0.0,False
118.7,95.79666666666667,1.2390827794982429,68.71000000000001,0.0,0.0,False
116.9066667,94.60111113333333,1.2357853443732667,66.91666670000001,0.0,0.0,False
129.99,119.99000000000001,1.0833402783565298,30.000000000000014,0.0,0.0,False
129.99,119.99000000000001,1.0833402783565298,30.000000000000014,0.0,0.0,False
129.99,119.99000000000001,1.0833402783565298,30.000000000000014,0.0,0.0,False
129.99,119.99000000000001,1.0833402783565298,30.000000000000014,0.0,0.0,False
129.99,119.99000000000001,1.0833402783565298,30.000000000000014,0.0,0.0,False
116.9275,111.28166666666665,1.0507346223546856,16.9375,0.0,0.0,False
119.99,113.32333333333332,1.0588287201811926,20.0,0.0,0.0,False
129.99,119.99000000000001,1.0833402783565298,30.000000000000014,0.0,0.0,False
129.99,119.99000000000001,1.0833402783565298,30.000000000000014,0.0,0.0,False
129.99,86.49333333333334,1.5028903961769693,30.000000000000014,0.0,100.49000000000001,False
129.99,119.99000000000001,1.0833402783565298,30.000000000000014,0.0,0.0,False
129.99,88.32666666666667,1.471695977054872,30.000000000000014,0.0,94.99000000000001,False
129.99,84.95111111,1.530174217870804,40.126666670000006,0.0,94.99000000000001,False
94.9,94.90000000000002,0.9999999999999999,0.0,0.0,0.0,False
100.9,120.59666666666665,0.8366732082147104,-59.09,0.0,0.0,False
109.9,119.93,0.9163678812640706,-30.090000000000003,0.0,0.0,False
109.9,121.8347619,0.902041406624196,-35.80428570000001,0.0,0.0,False
98.9,116.59666666666668,0.8482232196460733,-53.09,0.0,0.0,False
98.9,117.49862746666668,0.8417119598103991,-55.79588239999998,0.0,0.0,False
98.9,119.59666666666668,0.8269461244739262,-51.09,0.0,-11.0,False
98.9,119.59666666666668,0.8269461244739262,-51.09,0.0,-11.0,False
90.534,134.8361323,0.6714372361153821,-65.97735139999999,-59.820545499999994,-7.108499999999992,False
84.75608696,125.87076023333333,0.6733580285276989,-64.24391304,-65.14391304,6.043806260000011,False
87.5,122.35559004666668,0.7151287486466888,-48.642857099999986,-62.400000000000006,6.4760869600000035,False
94.0,117.16324785666666,0.8022993704902773,-26.923076899999998,-55.900000000000006,13.333333330000002,False
73.0,114.43038459999998,0.6379424508200072,-41.491153800000006,-76.9,-5.900000000000006,False
66.34214286,115.92999999999999,0.5722603541792461,-53.64785714,-83.55785714000001,-11.55785714000001,False
79.9,115.92999999999999,0.6892090054343138,-40.08999999999999,-70.0,2.0,False
19.9,19.9,1.0,0.0,0.0,0.0,False
19.9,19.9,1.0,0.0,0.0,0.0,False
19.9,19.9,1.0,0.0,0.0,0.0,False
20.66666667,20.95873016,0.9860648289390448,-0.8761904699999974,0.0,0.0,False
24.5,24.5,1.0,0.0,0.0,0.0,False
24.5,24.5,1.0,0.0,0.0,0.0,False
27.03333333,27.03333333,1.0,0.0,0.0,0.0,False
32.5,32.5,1.0,0.0,0.0,0.0,False
32.74285714,32.66190476,1.0024784953784796,0.24285713999999814,0.0,0.0,False
34.2,34.48571428666667,0.99171499583011,-0.8571428599999962,0.0,0.0,False
349.9,254.92999999999998,1.3725336366845802,0.0,0.0,284.90999999999997,True
349.9,144.96,2.4137693156732887,329.90999999999997,0.0,284.90999999999997,True
349.9,58.32333333333332,5.999314168143111,329.90999999999997,259.90999999999997,284.90999999999997,True
349.9,144.96,2.4137693156732887,329.90999999999997,0.0,284.90999999999997,True
349.9,58.32333333333332,5.999314168143111,329.90999999999997,259.90999999999997,284.90999999999997,True
349.9,56.25984127,6.219356331290978,329.90999999999997,259.90999999999997,291.10047619,True
349.9,56.41222222333332,6.202556577451645,329.90999999999997,259.90999999999997,290.64333332999996,True
349.9,57.45913580333333,6.0895451194673464,326.50259258999995,259.90999999999997,290.90999999999997,True
349.9,57.656666666666666,6.0686824304792735,325.90999999999997,259.90999999999997,290.90999999999997,False
349.9,57.656666666666666,6.0686824304792735,325.90999999999997,259.90999999999997,290.90999999999997,False
322.1363636,57.656666666666666,5.58714858530381,298.1463636,232.14636359999997,263.1463636,True
349.9,57.656666666666666,6.0686824304792735,325.90999999999997,259.90999999999997,290.90999999999997,False
349.9,57.656666666666666,6.0686824304792735,325.90999999999997,259.90999999999997,290.90999999999997,False
349.9,57.656666666666666,6.0686824304792735,325.90999999999997,259.90999999999997,290.90999999999997,False
349.9,55.57333333333333,6.296185220729367,325.90999999999997,266.15999999999997,290.90999999999997,True
349.9,162.96,2.147152675503191,0.0,269.90999999999997,290.90999999999997,True
352.25,54.32333333333333,6.484322267902068,328.26,272.26,293.26,True
364.0,54.32333333333333,6.700619745965516,340.01,284.01,305.01,True
364.0,54.32333333333333,6.700619745965516,340.01,284.01,305.01,True
364.0,55.26714285666666,6.58619174405344,340.01,281.17857143000003,305.01,True
239.9,199.62463636666666,1.2017554765102056,78.3090909,0.0,42.516999999999996,False
239.9,202.42999999999998,1.1851010225757053,105.0,0.0,7.409999999999997,False
229.9,178.96666666666667,1.2845967591730303,0.0,121.9,30.900000000000006,False
204.6181818,139.4138889,1.4677029915345832,76.3765151,96.6181818,22.618181800000002,False
167.5,124.98752830000001,1.3401337099647244,50.058709699999994,61.8571429,15.62156250000001,False
150.3423077,120.26065276666667,1.2501371333124114,44.6936827,45.34230769999999,0.20897439999998824,False
145.1666667,113.77459113333333,1.2759146418718224,41.374143300000014,40.16666670000001,12.635416700000007,False
152.6333333,120.74000000000001,1.2641488595328805,33.633333300000004,47.633333300000004,14.413333300000005,False
157.1428571,126.12121213333334,1.245966911052766,38.77922069999998,52.142857099999986,2.1428570999999863,False
157.9454545,120.85030303333333,1.3069512490708026,45.94545450000001,52.94545450000001,12.394545399999998,False
99.9,70.58476190333333,1.415319642741223,24.900000000000006,63.04571429000001,0.0,False
99.9,91.60000000000001,1.0906113537117903,24.900000000000006,0.0,0.0,False
99.9,69.4317757,1.4388224842706998,29.90467290000001,61.50000000000001,0.0,False
99.9,69.4,1.4394812680115274,30.0,61.50000000000001,0.0,False
99.9,68.42857143,1.4599164926626322,30.0,64.41428571,0.0,False
99.9,68.26666666666667,1.46337890625,30.0,64.9,0.0,False
99.9,68.26666666666667,1.46337890625,30.0,64.9,0.0,False
99.9,74.93333333333334,1.333185053380783,10.0,64.9,0.0,False
78.53571429,67.81190476333335,1.1581405147679193,-11.364285710000004,43.53571429,0.0,False
83.83333333,74.02222221,1.1325427800879313,-19.399999969999996,48.83333333,0.0,False
229.9,190.15641026666665,1.2090047328806783,69.2307692,0.0,50.0,False
219.06,177.46952380000002,1.2343527796179277,70.2814286,0.0,54.49000000000001,False
216.15,194.51333333333332,1.1112348767865101,81.25,0.0,-16.340000000000003,False
203.2909091,138.47777776666666,1.4680399438713023,70.2909091,95.2909091,28.857575800000006,False
224.5428571,147.65333333333334,1.520743568945277,75.54285709999999,116.54285709999999,38.582857099999984,False
220.77,175.92333333333332,1.2549216514769692,0.0,112.77000000000001,21.77000000000001,False
205.6857143,139.4138889,1.4753602809798674,77.4440476,97.6857143,23.6857143,False
216.1875,124.98752830000001,1.7296725756596947,98.7462097,110.5446429,64.30906250000001,False
204.3846154,120.26065276666667,1.6995136039761332,98.7359904,99.3846154,54.2512821,False
199.0,113.77459113333333,1.7490724248509084,95.2074766,94.0,66.46875,False
64.99,64.99,1.0,0.0,0.0,0.0,False
64.99,49.98999999999999,1.3000600120024006,45.0,0.0,0.0,False
64.99,58.32333333333332,1.1143053094816255,45.0,-25.0,0.0,False
64.99,49.98999999999999,1.3000600120024006,45.0,0.0,0.0,False
64.99,58.32333333333332,1.1143053094816255,45.0,-25.0,0.0,False
58.79952381,56.25984127,1.0451420139600403,38.80952381,-31.19047619,0.0,False
59.25666667,56.41222222333332,1.0504224853154278,39.266666670000006,-30.733333329999994,0.0,False
58.99,57.45913580333333,1.0266426596095422,35.59259259,-30.999999999999993,0.0,False
58.99,57.656666666666666,1.023125397467769,35.0,-30.999999999999993,0.0,False
58.99,57.656666666666666,1.023125397467769,35.0,-30.999999999999993,0.0,False
58.99,57.656666666666666,1.023125397467769,35.0,-30.999999999999993,0.0,False
58.99,57.656666666666666,1.023125397467769,35.0,-30.999999999999993,0.0,False
58.99,57.656666666666666,1.023125397467769,35.0,-30.999999999999993,0.0,False
58.99,57.656666666666666,1.023125397467769,35.0,-30.999999999999993,0.0,False
58.99,55.57333333333333,1.0614803262955854,35.0,-24.749999999999993,0.0,False
58.99,65.99,0.8939233217154116,0.0,-20.999999999999993,0.0,False
58.99,54.32333333333333,1.0859053813585324,35.0,-20.999999999999993,0.0,False
58.99,54.32333333333333,1.0859053813585324,35.0,-20.999999999999993,0.0,False
58.99,54.32333333333333,1.0859053813585324,35.0,-20.999999999999993,0.0,False
58.99,55.26714285666666,1.0673611290706386,35.0,-23.831428569999993,0.0,False
99.0,78.28333333333335,1.2646370023419202,9.099999999999994,0.0,53.05,False
99.0,76.47727272666667,1.29450222883641,9.099999999999994,0.0,58.46818182,False
99.0,75.82607843000001,1.3056194128698526,10.511764709999994,0.0,59.01,False
98.3,75.06333333333333,1.3095608153115148,11.399999999999991,0.0,58.309999999999995,False
92.0,72.96333333333334,1.2609073050390607,5.099999999999994,0.0,52.01,False
92.0,72.96333333333334,1.2609073050390607,5.099999999999994,0.0,52.01,False
90.875,71.97000000000001,1.262678893983604,5.829999999999998,0.0,50.885,False
88.24,70.62653846,1.2493887131389787,4.590384619999995,0.0,48.24999999999999,False
84.9,68.26333333333334,1.2437130719273402,5.0,0.0,44.910000000000004,False
84.9,67.60777777666668,1.2557726757482828,6.966666670000009,0.0,44.910000000000004,False
84.9,66.04666666666667,1.2854547289795095,10.900000000000006,0.0,45.660000000000004,False
99.99,99.99,1.0,0.0,0.0,0.0,False
99.99,99.99,1.0,0.0,0.0,0.0,False
96.65666667,96.65666667,1.0,0.0,0.0,0.0,False
109.99,76.59666666666666,1.435963270812481,50.089999999999996,50.089999999999996,0.0,False
119.99,79.92999999999999,1.501188539972476,60.089999999999996,60.089999999999996,0.0,False
120.0,59.9,2.003338898163606,60.1,60.1,60.1,False
104.25,59.9,1.7404006677796329,44.35,44.35,44.35,False
92.594,59.9,1.5458096828046743,32.693999999999996,32.693999999999996,32.693999999999996,False
89.99,53.28031332666666,1.6889915689546111,37.58305556,36.34171875,36.20428570999999,False
89.99,55.425000000000004,1.623635543527289,34.88999999999999,34.565,34.239999999999995,False
123.3316667,49.9,2.471576486973948,73.4316667,73.4316667,73.4316667,False
120.0,50.60076805,2.3715055052410414,69.45483870999999,69.1,69.64285713999999,False
113.3333333,53.9,2.1026592448979593,59.43333330000001,59.43333330000001,59.43333330000001,False
110.0,53.9,2.0408163265306123,56.1,56.1,56.1,False
110.0,53.39419002333333,2.060149240056453,56.58484848,56.29047619,56.94210526,False
96.65666667,49.9,1.9370073480961927,46.75666667000001,46.75666667000001,46.75666667000001,False
99.99,49.903333333333336,2.0036737692872886,50.08,50.089999999999996,50.089999999999996,False
99.99,49.903333333333336,2.0036737692872886,50.08,50.089999999999996,50.089999999999996,False
89.9,89.90000000000002,0.9999999999999999,0.0,0.0,0.0,False
89.9,89.90000000000002,0.9999999999999999,0.0,0.0,0.0,False
89.9,89.90000000000002,0.9999999999999999,0.0,0.0,0.0,False
89.9,116.94999999999999,0.768704574604532,0.0,-125.1,43.95,False
89.9,114.94999999999999,0.7820791648542846,0.0,-119.1,43.95,False
89.9,113.61666666666666,0.7912571512395483,0.0,-115.1,43.95,False
89.9,111.78660130000002,0.804210871021445,0.0,-109.6098039,43.95,False
89.9,99.7495699,0.9012570188535721,0.0,-73.4987097,43.95,False
89.9,75.25,1.19468438538206,0.0,0.0,43.95,False
89.9,73.44393939333334,1.2240628803764906,0.0,0.0,49.368181820000004,False
88.48823529,72.32215686,1.2235287100368704,0.0,0.0,48.498235290000004,False
86.9,71.26333333333334,1.2194209270779737,0.0,0.0,46.910000000000004,False
86.9,71.26333333333334,1.2194209270779737,0.0,0.0,46.910000000000004,False
86.9,71.26333333333334,1.2194209270779737,0.0,0.0,46.910000000000004,False
85.045,70.02666666666667,1.2144659177456207,0.0,0.0,45.055,False
83.64961538,69.09641025333333,1.2106217251129134,0.0,0.0,43.65961538,False
79.9,66.59666666666668,1.1997597477351218,0.0,0.0,39.910000000000004,False
77.93333333,65.28555555333334,1.1937301087425745,0.0,0.0,37.943333329999994,False
74.0,62.413333333333334,1.185644093142491,0.0,0.0,34.76,False
38.4,50.6,0.758893280632411,-36.6,0.0,0.0,False
38.4,38.4,1.0,0.0,0.0,0.0,False
38.4,50.6,0.758893280632411,-36.6,0.0,0.0,False
34.58117647,70.58476190333333,0.4899241073782941,-40.41882353,-2.2731092399999966,-65.31882353,False
38.4,71.10000000000001,0.540084388185654,-36.6,0.0,-61.50000000000001,False
38.4,69.4317757,0.5530608948548035,-31.5953271,0.0,-61.50000000000001,False
38.4,69.4,0.5533141210374639,-31.500000000000007,0.0,-61.50000000000001,False
35.48571429,68.42857143,0.5185803758346851,-34.41428571000001,0.0,-64.41428571,False
35.0,68.26666666666667,0.5126953125,-34.900000000000006,0.0,-64.9,False
35.0,68.26666666666667,0.5126953125,-34.900000000000006,0.0,-64.9,False
35.0,74.93333333333334,0.4670818505338078,-54.900000000000006,0.0,-64.9,False
35.0,74.02222221,0.47283098176525284,-68.2333333,0.0,-48.83333333,False
108.0,138.47777776666666,0.7799085293091478,-25.0,0.0,-66.43333329999999,False
108.0,147.65333333333334,0.7314430196857504,-41.0,0.0,-77.96000000000001,False
108.0,138.33333333333334,0.780722891566265,0.0,0.0,-91.0,False
108.0,139.4138889,0.7746717407579612,-20.241666699999996,0.0,-74.0,False
105.6428571,124.98752830000001,0.8452271881593805,-11.798433200000005,0.0,-46.23558039999999,False
105.0,120.26065276666667,0.8731035262524656,-0.6486249999999956,0.0,-45.133333300000004,False
105.0,113.77459113333333,0.922877410097213,1.2074766000000068,0.0,-27.53125,False
105.0,120.74000000000001,0.869637237038264,-14.0,0.0,-33.22,False
105.0,126.12121213333334,0.8325324362486753,-13.363636400000004,0.0,-50.0,False
105.0,120.85030303333333,0.8688434978192694,-7.0,0.0,-40.55090910000001,False
78.0,132.33533333333332,0.5894117469257392,0.0,0.0,-163.006,False
78.0,142.0,0.5492957746478874,-85.0,0.0,-107.0,False
78.0,145.6579697,0.5355010794167344,-83.5909091,0.0,-119.38300000000001,False
78.0,139.52307693333333,0.5590473039615506,-82.66923080000001,0.0,-101.9,False
78.0,148.46333333333334,0.5253822492646893,-56.900000000000006,0.0,-154.49,False
78.0,138.47777776666666,0.5632672711677178,-55.0,-30.0,-96.43333329999999,False
78.0,147.65333333333334,0.5282644031063752,-71.0,-30.0,-107.96000000000001,False
78.0,128.33333333333334,0.6077922077922078,0.0,-30.0,-121.0,False
78.0,139.4138889,0.559485146102972,-50.241666699999996,-30.0,-104.0,False
78.0,124.98752830000001,0.624062264938797,-39.441290300000006,-27.6428571,-73.87843749999999,False
78.0,120.26065276666667,0.6485911909304031,-27.648624999999996,-27.0,-72.1333333,False
78.0,113.77459113333333,0.6855660760722154,-25.792523399999993,-27.0,-54.53125,False
78.0,120.74000000000001,0.6460162332284247,-41.0,-27.0,-60.22,False
78.0,126.12121213333334,0.6184526669275874,-40.363636400000004,-27.0,-77.0,False
77.82142857,120.85030303333333,0.6439489733719164,-34.178571430000005,-27.178571430000005,-67.72948053000002,False
75.0,62.800000000000004,1.1942675159235667,0.0,36.6,0.0,False
75.0,62.800000000000004,1.1942675159235667,0.0,36.6,0.0,False
75.0,62.800000000000004,1.1942675159235667,0.0,36.6,0.0,False
75.0,70.58476190333333,1.0625522843402573,0.0,38.14571429,-24.900000000000006,False
75.0,83.3,0.9003601440576231,0.0,0.0,-24.900000000000006,False
69.9953271,69.4317757,1.0081166208744967,0.0,31.5953271,-29.90467290000001,False
69.9,69.4,1.0072046109510087,0.0,31.500000000000007,-30.0,False
69.9,68.42857143,1.0215031315026826,0.0,34.41428571000001,-30.0,False
69.9,68.26666666666667,1.02392578125,0.0,34.900000000000006,-30.0,False
69.9,68.26666666666667,1.02392578125,0.0,34.900000000000006,-30.0,False
89.9,74.93333333333334,1.1997330960854093,0.0,54.900000000000006,-10.0,False
89.9,67.81190476333335,1.3257259225169258,0.0,54.900000000000006,11.364285710000004,False
103.2333333,74.02222221,1.3946262381468162,0.0,68.2333333,19.399999969999996,False
59.9,59.9,1.0,0.0,0.0,0.0,False
59.9,59.9,1.0,0.0,0.0,0.0,False
59.9,59.9,1.0,0.0,0.0,0.0,False
59.9,59.9,1.0,0.0,0.0,0.0,False
59.9,59.9,1.0,0.0,0.0,0.0,False
59.9,59.9,1.0,0.0,0.0,0.0,False
59.9,59.9,1.0,0.0,0.0,0.0,False
54.45,53.28031332666666,1.021953449600829,2.043055560000006,0.8017187500000063,0.6642857100000015,False
49.9,55.425000000000004,0.900315741993685,-5.200000000000003,-5.524999999999999,-5.850000000000001,False
49.9,49.9,1.0,0.0,0.0,0.0,False
51.23333333,50.60076805,1.0125011003662028,0.6881720399999978,0.3333333300000021,0.8761904699999974,False
53.9,53.9,1.0,0.0,0.0,0.0,False
53.9,53.9,1.0,0.0,0.0,0.0,False
49.9,53.39419002333333,0.9345586098074272,-3.5151515200000034,-3.8095238100000017,-3.1578947400000033,False
49.9,49.9,1.0,0.0,0.0,0.0,False
49.9,49.903333333333336,0.9999332041947765,-0.00999999999999801,0.0,0.0,False
49.9,49.903333333333336,0.9999332041947765,-0.00999999999999801,0.0,0.0,False
38.4,50.6,0.758893280632411,-36.6,0.0,0.0,False
38.4,50.6,0.758893280632411,-36.6,0.0,0.0,False
38.4,38.4,1.0,0.0,0.0,0.0,False
38.4,50.6,0.758893280632411,-36.6,0.0,0.0,False
36.85428571,70.58476190333333,0.52212807291852,-38.14571429,0.0,-63.04571429000001,False
38.4,69.4317757,0.5530608948548035,-31.5953271,0.0,-61.50000000000001,False
38.4,69.4,0.5533141210374639,-31.500000000000007,0.0,-61.50000000000001,False
35.48571429,68.42857143,0.5185803758346851,-34.41428571000001,0.0,-64.41428571,False
35.0,68.26666666666667,0.5126953125,-34.900000000000006,0.0,-64.9,False
35.0,68.26666666666667,0.5126953125,-34.900000000000006,0.0,-64.9,False
35.0,74.93333333333334,0.4670818505338078,-54.900000000000006,0.0,-64.9,False
35.0,67.81190476333335,0.5161335627151545,-54.900000000000006,0.0,-43.53571429,False
35.0,74.02222221,0.47283098176525284,-68.2333333,0.0,-48.83333333,False
325.0,57.45913580333333,5.656193666267185,301.60259259,235.01,266.01,True
325.0,57.656666666666666,5.6368156327686885,301.01,235.01,266.01,False
325.0,57.656666666666666,5.6368156327686885,301.01,235.01,266.01,False
325.0,57.656666666666666,5.6368156327686885,301.01,235.01,266.01,False
325.0,57.656666666666666,5.6368156327686885,301.01,235.01,266.01,False
325.0,57.656666666666666,5.6368156327686885,301.01,235.01,266.01,False
325.0,57.656666666666666,5.6368156327686885,301.01,235.01,266.01,False
325.8928571,55.57333333333333,5.864194885436661,301.9028571,242.1528571,266.9028571,True
330.0,156.32666666666668,2.1109642202226104,0.0,250.01,271.01,True
330.0,54.32333333333333,6.074737681781923,306.01,250.01,271.01,True
330.0,54.32333333333333,6.074737681781923,306.01,250.01,271.01,True
330.0,54.32333333333333,6.074737681781923,306.01,250.01,271.01,True
330.0,55.26714285666666,5.970998009718778,306.01,247.17857143,271.01,True
99.99,99.99,1.0,0.0,0.0,0.0,False
99.99,99.99,1.0,0.0,0.0,0.0,False
109.99,76.59666666666666,1.435963270812481,50.089999999999996,50.089999999999996,0.0,False
109.99,76.59666666666666,1.435963270812481,50.089999999999996,50.089999999999996,0.0,False
120.0,59.9,2.003338898163606,60.1,60.1,60.1,False
120.0,59.9,2.003338898163606,60.1,60.1,60.1,False
102.5,59.9,1.7111853088480802,42.6,42.6,42.6,False
95.29,59.9,1.5908180300500836,35.39000000000001,35.39000000000001,35.39000000000001,False
89.99,53.28031332666666,1.6889915689546111,37.58305556,36.34171875,36.20428570999999,False
89.99,55.425000000000004,1.623635543527289,34.88999999999999,34.565,34.239999999999995,False
127.7272727,49.9,2.5596647835671344,77.82727270000001,77.82727270000001,77.82727270000001,False
120.0,50.60076805,2.3715055052410414,69.45483870999999,69.1,69.64285713999999,False
110.0,53.9,2.0408163265306123,56.1,56.1,56.1,False
110.0,53.9,2.0408163265306123,56.1,56.1,56.1,False
110.0,53.39419002333333,2.060149240056453,56.58484848,56.29047619,56.94210526,False
89.99,49.9,1.8034068136272545,40.089999999999996,40.089999999999996,40.089999999999996,False
99.99,49.903333333333336,2.0036737692872886,50.08,50.089999999999996,50.089999999999996,False
98.32333333,49.903333333333336,1.9702758666087767,48.41333333,48.42333333,48.42333333,False
85.70428571,85.70428570999998,1.0000000000000002,0.0,0.0,0.0,False
99.99,109.99000000000001,0.9090826438767159,0.0,-30.000000000000014,0.0,False
99.99,109.99000000000001,0.9090826438767159,0.0,-30.000000000000014,0.0,False
99.99,109.99000000000001,0.9090826438767159,0.0,-30.000000000000014,0.0,False
99.99,109.99000000000001,0.9090826438767159,0.0,-30.000000000000014,0.0,False
99.99,109.99000000000001,0.9090826438767159,0.0,-30.000000000000014,0.0,False
99.99,105.63583333333332,0.9465538051324125,0.0,-16.9375,0.0,False
99.99,76.49333333333333,1.3071727383649991,0.0,0.0,70.49,False
99.99,106.65666666666665,0.9374941400756321,0.0,-20.0,0.0,False
99.99,109.99000000000001,0.9090826438767159,0.0,-30.000000000000014,0.0,False
99.99,109.99000000000001,0.9090826438767159,0.0,-30.000000000000014,0.0,False
99.99,86.49333333333334,1.1560428549406503,0.0,-30.000000000000014,70.49,False
99.99,109.99000000000001,0.9090826438767159,0.0,-30.000000000000014,0.0,False
99.99,88.32666666666667,1.1320477017133368,0.0,-30.000000000000014,64.99,False
89.86333333,84.95111111,1.0578241079582744,0.0,-40.126666670000006,54.86333333,False
159.99,159.99,1.0,0.0,0.0,0.0,False
159.99,159.99,1.0,0.0,0.0,0.0,False
139.99,139.99,1.0,0.0,0.0,0.0,False
159.99,159.99,1.0,0.0,0.0,0.0,False
139.99,139.99,1.0,0.0,0.0,0.0,False
145.7042857,145.7042857,1.0,0.0,0.0,0.0,False
151.99,151.99,1.0,0.0,0.0,0.0,False
154.6958824,154.6958824,1.0,0.0,0.0,0.0,False
149.99,136.62666666666667,1.0978091148628868,0.0,0.0,40.09,False
149.99,136.62666666666667,1.0978091148628868,0.0,0.0,40.09,False
156.5113514,134.8361323,1.1607523052632087,0.0,6.156805899999995,58.8688514,False
149.0,125.87076023333333,1.1837538736064737,0.0,-0.9000000000000057,70.2877193,False
136.1428571,122.35559004666668,1.1126819546869482,0.0,-13.75714290000002,55.11894405999999,False
120.9230769,117.16324785666666,1.0320905156874192,0.0,-28.976923100000008,40.25641023,False
119.0,116.23333333333333,1.023802695726986,0.0,-30.900000000000006,39.2,False
114.4911538,114.43038459999998,1.0005310582518134,0.0,-35.4088462,35.5911538,False
119.99,115.92999999999999,1.0350211334425947,0.0,-29.91000000000001,42.08999999999999,False
119.99,115.92999999999999,1.0350211334425947,0.0,-29.91000000000001,42.08999999999999,False
339.0,226.52307693333333,1.496536267250904,178.3307692,0.0,159.1,True
339.0,217.44952380000004,1.5589824897101014,190.2214286,0.0,174.43,True
346.158,237.84933333333333,1.45536670273058,211.258,0.0,113.668,True
345.7066667,138.47777776666666,2.496477574058933,212.70666670000003,237.70666670000003,171.27333340000004,True
348.8,147.65333333333334,2.362290048762868,199.8,240.8,162.84,True
339.9,215.63333333333333,1.576286906786211,0.0,231.89999999999998,140.89999999999998,True
347.0,139.4138889,2.4889916115093755,218.7583333,239.0,165.0,True
307.8333333,124.98752830000001,2.462912400036636,190.392043,202.19047619999998,155.9548958,True
280.6666667,120.26065276666667,2.333819584736147,175.01804170000003,175.6666667,130.5333334,True
258.9695652,113.77459113333333,2.276163444055022,155.17704179999998,153.96956519999998,126.43831519999998,True
245.9,120.74000000000001,2.0366075865496107,126.9,140.9,107.68,True
169.3493182,126.12121213333334,1.3427504805533155,50.985681799999995,64.3493182,14.349318199999999,False
178.0571429,178.0571429,1.0,0.0,0.0,0.0,False
149.8525,153.23166666666665,0.9779473346457978,-10.137500000000017,0.0,0.0,False
146.6,144.39666666666668,1.015258893326254,6.609999999999985,0.0,0.0,False
144.96,145.20809523333335,0.9982914503978949,-0.744285700000006,0.0,0.0,False
138.59,143.0566666666667,0.968776941538318,-13.400000000000006,0.0,0.0,False
137.9,143.49862746666668,0.9609848012799483,-16.795882399999982,0.0,0.0,False
137.9,132.59666666666666,1.0399959777772192,-12.090000000000003,0.0,28.0,False
134.9,131.59666666666666,1.0251019529370045,-15.090000000000003,0.0,25.0,False
133.0,134.8361323,0.9863824905929907,-23.511351399999995,-17.3545455,35.3575,False
132.97,125.87076023333333,1.0564010239829047,-16.03,-16.930000000000007,54.257719300000005,False
29.9,57.656666666666666,0.5185870382147193,5.91,-60.089999999999996,-29.090000000000003,False
29.9,57.656666666666666,0.5185870382147193,5.91,-60.089999999999996,-29.090000000000003,False
29.9,57.656666666666666,0.5185870382147193,5.91,-60.089999999999996,-29.090000000000003,False
29.9,57.656666666666666,0.5185870382147193,5.91,-60.089999999999996,-29.090000000000003,False
29.9,57.656666666666666,0.5185870382147193,5.91,-60.089999999999996,-29.090000000000003,False
29.9,55.57333333333333,0.53802783109405,5.91,-53.839999999999996,-29.090000000000003,False
29.9,56.29333333333333,0.5311463761250592,0.0,-50.089999999999996,-29.090000000000003,False
29.9,54.32333333333333,0.550408050561453,5.91,-50.089999999999996,-29.090000000000003,False
29.9,54.32333333333333,0.550408050561453,5.91,-50.089999999999996,-29.090000000000003,False
29.9,54.32333333333333,0.550408050561453,5.91,-50.089999999999996,-29.090000000000003,False
29.9,55.26714285666666,0.5410086075472468,5.91,-52.921428569999996,-29.090000000000003,False
241.006,241.006,1.0,0.0,0.0,0.0,False
255.61,255.61,1.0,0.0,0.0,0.0,False
185.0,177.66666666666666,1.0412757973733584,22.0,0.0,0.0,False
197.383,185.45230303333335,1.0643329674073783,35.792090900000005,0.0,0.0,False
179.9,173.4897436,1.0369489069900268,19.230769199999997,0.0,0.0,False
164.57,159.30619046666666,1.033042090316225,15.791428599999989,0.0,0.0,False
232.49,199.96,1.1626825365073015,97.59,0.0,0.0,False
174.4333333,138.47777776666666,1.2596485595971796,41.43333329999999,66.43333329999999,0.0,False
185.96,147.65333333333334,1.25943651797002,36.96000000000001,77.96000000000001,0.0,False
199.0,168.66666666666666,1.1798418972332017,0.0,91.0,0.0,False
182.0,139.4138889,1.3054653409069346,53.758333300000004,74.0,0.0,False
151.8784375,124.98752830000001,1.2151487397643015,34.437147199999984,46.23558039999999,0.0,False
150.1333333,120.26065276666667,1.2483994544025403,44.48470830000001,45.133333300000004,0.0,False
132.53125,113.77459113333333,1.1648580643518691,28.738726600000007,27.53125,0.0,False
138.22,120.74000000000001,1.14477389431837,19.22,33.22,0.0,False
155.0,126.12121213333334,1.2289764535099492,36.636363599999996,50.0,0.0,False
145.5509091,120.85030303333333,1.2043901045068433,33.55090910000001,40.55090910000001,0.0,False
109.9,123.26333333333332,0.8915871170123585,-40.09,0.0,0.0,False
109.9,123.26333333333332,0.8915871170123585,-40.09,0.0,0.0,False
97.6425,134.8361323,0.7241567844941811,-58.8688514,-52.7120455,0.0,False
78.7122807,125.87076023333333,0.625342061604195,-70.2877193,-71.18771930000001,0.0,False
81.02391304,122.35559004666668,0.6622003376314667,-55.11894405999999,-68.87608696000001,0.0,False
80.66666667,117.16324785666666,0.6884980413711707,-40.25641023,-69.23333333000001,0.0,False
79.8,116.23333333333333,0.6865500430169199,-39.2,-70.10000000000001,0.0,False
78.9,114.43038459999998,0.6895021831465558,-35.5911538,-71.0,0.0,False
77.9,115.92999999999999,0.6719572155611145,-42.08999999999999,-72.0,0.0,False
77.9,115.92999999999999,0.6719572155611145,-42.08999999999999,-72.0,0.0,False
45.9,60.583333333333336,0.7576341127922971,-44.00000000000001,0.0,-0.05000000000000426,False
44.15444444,58.19542087333334,0.7587271262477064,-45.74555556000001,0.0,3.622626259999997,False
45.9,58.12607843000001,0.7896627682405306,-42.58823529000001,0.0,5.909999999999997,False
45.9,57.59666666666667,0.7969211181202615,-41.00000000000001,0.0,5.909999999999997,False
45.9,57.59666666666667,0.7969211181202615,-41.00000000000001,0.0,5.909999999999997,False
47.9,58.26333333333334,0.8221294124377824,-39.00000000000001,0.0,7.909999999999997,False
47.9,57.645,0.8309480440627981,-37.145,0.0,7.909999999999997,False
47.9,57.17987179333334,0.8377073697039088,-35.74961538,0.0,7.909999999999997,False
47.9,55.93000000000001,0.8564276774539602,-32.00000000000001,0.0,7.909999999999997,False
47.9,55.27444444333333,0.8665849197110698,-30.033333329999998,0.0,7.909999999999997,False
215.0,116.94999999999999,1.838392475416845,125.1,0.0,169.05,False
209.0,114.94999999999999,1.8181818181818183,119.1,0.0,163.05,False
205.0,113.61666666666666,1.8043127475429075,115.1,0.0,159.05,False
199.5098039,111.78660130000002,1.7847380775499073,109.6098039,0.0,153.55980390000002,False
163.3987097,99.7495699,1.638089365836955,73.4987097,0.0,117.44870970000001,False
