unit_price,avg_comp_price,price_premium,predicted_revenue,revenue_gap
45.95,116.94999999999999,0.3929029499786234,55.423904,9.47390441894531
45.95,114.94999999999999,0.3997390169638974,134.11026,-3.7397399902343693
45.95,113.61666666666666,0.4044301012175444,259.54962,-16.15037841796874
45.95,111.78660130000002,0.41105105142864734,180.65407,-3.145932006835949
45.95,99.7495699,0.4606536153094732,95.48434,3.584336853027338
45.95,60.6,0.7582508250825083,136.75714,-1.0928588867187443
40.53181818,56.98787878666667,0.711235775799452,517.9484,72.09842529296873
39.99,56.15607843000001,0.7121223760282436,239.41951,-0.5204901123046852
39.99,55.62666666666667,0.7188998082454457,770.3592,10.549191894531305
39.99,55.62666666666667,0.7188998082454457,732.0955,12.2755200195312
39.99,55.62666666666667,0.7188998082454457,720.2568,40.42677490234371
39.99,55.00833333333333,0.7269807604908347,571.3327,51.462702636718745
39.99,54.54320512666667,0.733180235872287,763.8853,4.075314941406305
39.99,53.293333333333344,0.7503752814610957,214.1033,14.153302001953136
39.99,52.63777777666667,0.7597205218212463,305.6542,-14.265794677734391
39.24,50.826666666666675,0.7720356768100733,303.1634,-10.756608886718766
69.9,69.9,1.0,401.62213,-17.777868652343727
82.63333333,82.63333333,1.0,240.96349,-6.936514282226568
97.58823529,72.46274509666667,1.3467366597803527,1941.5,-14.5
89.0,69.60000000000001,1.2787356321839078,692.62604,-19.37396240234375
89.0,59.9,1.4858096828046745,941.3146,51.3145751953125
97.33333333,59.9,1.6249304395659434,665.6846,-17.3154296875
99.0,59.9,1.652754590984975,870.66943,-20.33056640625
99.0,59.9,1.652754590984975,1373.6428,-12.357177734375
99.0,53.28031332666666,1.858097181092416,1768.4476,85.4476318359375
99.0,55.425000000000004,1.7861975642760486,1110.0549,21.054931640625
99.5,49.9,1.993987975951904,379.02243,-18.977569580078125
101.0,50.60076805,1.9960171335778767,196.89525,-5.1047515869140625
101.0,53.9,1.8738404452690167,103.78044,2.7804412841796875
101.0,53.9,1.8738404452690167,105.77202,4.7720184326171875
19.9,19.9,1.0,270.1704,11.470410156250011
19.9,19.9,1.0,561.5809,83.98087158203123
19.9,19.9,1.0,180.61977,1.5197662353515682
21.54285714,21.250793650000002,1.013743650934185,610.824,7.6239746093749545
24.5,24.5,1.0,678.24536,-7.754638671875
24.5,24.5,1.0,400.87903,8.8790283203125
32.5,32.5,1.0,173.53094,11.03094482421875
32.5,32.58095238,0.9975153464191031,200.87846,5.8784637451171875
35.05714286,34.77142857333333,1.0082169268962906,229.67404,-15.72595825195313
36.2,36.2,1.0,115.70292,7.102919006347662
36.2,36.2,1.0,74.12149,1.7214904785156193
36.2,36.2,1.0,46.295765,10.0957649230957
59.9,59.9,1.0,66.880165,6.980165100097658
59.9,59.9,1.0,61.808548,1.908547973632814
59.9,59.9,1.0,227.82777,-11.772225952148432
59.9,59.9,1.0,339.16187,-20.238134765624977
59.9,59.9,1.0,288.3137,-11.186309814453125
59.9,59.9,1.0,700.28064,41.38063964843752
51.32222222,53.28031332666666,0.963249256912935,1044.7556,1.155615234375091
56.97777778,55.425000000000004,1.0280158372575552,619.1181,47.318103027343795
49.9,49.9,1.0,566.24817,17.348168945312523
51.4,50.60076805,1.015794858078246,373.1921,-38.007891845703114
53.9,53.9,1.0,160.63655,-1.0634490966796761
53.9,53.9,1.0,392.83237,-38.367633056640614
52.9,53.39419002333333,0.9907444981726032,491.9312,14.831213378906227
49.9,49.9,1.0,267.47122,17.971221923828125
49.9,49.903333333333336,0.9999332041947765,283.7312,-15.668798828124977
49.9,49.903333333333336,0.9999332041947765,344.11505,-5.184948730468761
19.99,34.99,0.571306087453558,225.2668,5.376799926757826
19.99,58.32333333333332,0.3427444704806539,179.77025,-0.1397515869140591
19.99,34.99,0.571306087453558,294.52478,34.654780273437495
19.99,58.32333333333332,0.3427444704806539,323.41556,3.57555786132815
19.99,56.25984127,0.3553156132109364,444.87225,25.08225341796873
19.99,56.41222222333332,0.3543558330473232,761.9917,182.28169921874996
23.39740741,57.45913580333333,0.40720082338312275,653.72363,2.0036328124999727
23.99,57.656666666666666,0.4160837139388333,635.7185,59.95850585937501
23.99,57.656666666666666,0.4160837139388333,641.91565,-5.814350585937518
23.99,57.656666666666666,0.4160837139388333,678.71765,6.997651367187473
23.99,57.656666666666666,0.4160837139388333,459.48523,3.6752294921874977
23.99,57.656666666666666,0.4160837139388333,460.5951,4.785092773437498
23.99,57.656666666666666,0.4160837139388333,370.2959,34.435898437499986
23.99,55.57333333333333,0.43168186180422263,182.86525,-9.054750366210925
23.99,54.32333333333333,0.4416150211695404,191.12794,23.197944946289056
23.99,54.32333333333333,0.4416150211695404,84.86635,12.896348266601564
23.99,54.32333333333333,0.4416150211695404,82.964355,10.994355468750001
23.99,55.26714285666666,0.43407346137319236,51.30858,3.3285784912109406
134.99,121.65666666666668,1.109598049154725,137.59389,2.6038873291015534
134.99,117.30250000000001,1.1507853626308049,145.74567,10.755666503906241
146.99,122.32333333333334,1.2016513611466877,1642.9702,-120.90978515625011
157.3603704,129.1134568,1.2187759068658133,4243.7495,-4.980488281249563
166.99,132.32333333333335,1.2619845328362345,4833.7583,-8.951699218750036
166.99,86.49333333333334,1.930669030368429,2188.4797,17.60973632812511
176.99,135.65666666666667,1.3046907634469371,1412.6475,-3.2725390625000728
173.8081818,88.32666666666667,1.967788306287267,1914.8246,2.9345849609374
169.99,84.95111111,2.001033274066143,1005.9547,-13.985288085937555
110.99,57.656666666666666,1.925015898710759,119.25516,8.26515747070313
110.99,57.656666666666666,1.925015898710759,238.87134,16.89133789062501
110.99,55.57333333333333,1.9971809021113245,990.03394,-8.876064453124968
116.5284615,85.16948716666667,1.3681949413640064,1484.5685,-30.30151855468739
119.99,54.32333333333333,2.208811437687918,2731.8958,-27.874248046874982
122.99,54.32333333333333,2.2640363257041174,6451.835,1163.2649609375003
122.99,54.32333333333333,2.2640363257041174,4046.265,-12.405107421875073
122.99,55.26714285666666,2.2253728642888255,3972.3186,36.638603515625164
56.99,56.99,1.0,225.75598,-2.204018554687508
56.99,56.99,1.0,375.28748,-23.642524414062507
56.99,85.49333333333334,0.666601684341859,383.88306,-15.046943359375007
56.99,85.49333333333334,0.666601684341859,988.4058,19.57582275390621
56.99,85.49333333333334,0.666601684341859,987.6842,18.85420410156246
56.99,77.34333333333333,0.7368443735723829,1107.5201,-32.279858398437455
56.99,77.32666666666667,0.7370031899301664,1373.318,5.557993164062509
56.99,77.29333333333334,0.737321028117992,612.5611,42.66109619140627
56.99,77.28962963333333,0.7373563603599086,224.14111,-3.818886718750008
50.49,72.89333333333333,0.6926559356136821,694.768,-12.091994628906264
49.99,72.65166666666667,0.6880778142277075,103.34614,3.3661380004882773
49.99,72.89333333333333,0.6857965977684288,374.71057,-25.209428710937516
49.99,72.29555556666666,0.6914671255814916,204.7796,4.819602050781242
99.99,109.99000000000001,0.9090826438767159,196.36224,-3.6177563476562398
99.99,109.99000000000001,0.9090826438767159,1803.7561,3.9361035156250637
99.99,109.99000000000001,0.9090826438767159,1125.012,25.1219628906249
99.99,109.99000000000001,0.9090826438767159,1390.3497,-9.5102685546874
99.99,105.63583333333332,0.9465538051324125,765.4333,-34.48671142578121
99.99,76.49333333333333,1.3071727383649991,602.9256,2.9855981445311954
99.99,106.65666666666665,0.9374941400756321,872.10406,-27.805935058593718
99.99,109.99000000000001,0.9090826438767159,202.61029,2.6302905273437602
99.99,109.99000000000001,0.9090826438767159,303.35507,3.3850720214843477
99.99,86.49333333333334,1.1560428549406503,605.459,5.518984374999945
99.99,109.99000000000001,0.9090826438767159,872.8171,-27.092922363281218
97.952,88.32666666666667,1.1089742622084686,524.4672,34.70722412109376
84.6925,84.95111111,0.9969557654205943,331.21744,-7.552562255859357
89.99,58.32333333333332,1.542950220037721,554.55133,14.611330566406195
89.99,58.32333333333332,1.542950220037721,585.53937,45.599367675781195
89.99,56.25984127,1.599542372829023,803.7551,-6.154873046874968
89.99,56.41222222333332,1.5952216816372493,1536.8789,7.048906250000073
89.99,57.45913580333333,1.566156517007335,1641.2754,21.455390625000064
89.99,57.656666666666666,1.5607908885933977,1923.9918,34.201821289062536
89.99,57.656666666666666,1.5607908885933977,2152.144,-7.615957031250218
89.99,57.656666666666666,1.5607908885933977,2297.3606,-42.37940429687478
89.99,57.656666666666666,1.5607908885933977,1708.2872,-1.5227685546874454
89.99,57.656666666666666,1.5607908885933977,1740.9592,-58.840771484374955
89.99,57.656666666666666,1.5607908885933977,1553.357,23.527055664062573
83.74,55.57333333333333,1.506837811900192,1339.9344,0.09444824218758185
79.99,72.99,1.095903548431292,1098.3851,-21.4748681640624
79.99,54.32333333333333,1.4724795974719274,1209.9515,-69.88846191406242
79.99,54.32333333333333,1.4724795974719274,945.1732,-94.69678222656239
79.99,54.32333333333333,1.4724795974719274,782.9012,-16.998815917968727
82.82142857,55.26714285666666,1.4985654095561693,609.378,29.62799072265625
59.9,59.9,1.0,791.8344,13.134411621093705
59.9,59.9,1.0,1402.941,25.241040039062455
59.9,59.9,1.0,791.4618,12.761791992187455
59.9,59.9,1.0,2169.446,13.046044921874909
53.78571429,53.28031332666666,1.0094856980332432,3712.0864,0.3864257812501819
55.75,55.425000000000004,1.0058637798827244,2467.4714,-1.128564453124909
49.9,49.9,1.0,1964.177,18.07700195312509
50.35714286,50.60076805,0.9951853460058301,2408.155,-3.044970703124818
53.9,53.9,1.0,1394.7579,-6.642065429687591
53.9,53.9,1.0,1467.6364,-41.563647460937545
53.05789474,53.39419002333333,0.9937016502509661,1329.8339,10.3338623046875
49.9,49.9,1.0,727.6803,-20.8197021484375
49.9,49.903333333333336,0.9999332041947765,153.10902,3.409024047851574
49.9,49.903333333333336,0.9999332041947765,284.51895,-14.881048583984352
167.0,162.89862746666665,1.025177452978679,187.41724,20.417236328125
119.9,126.59666666666665,0.9471023460333344,239.86917,0.06917114257811363
93.09489362,134.8361323,0.6904298724089106,5458.938,4.977988281249964
77.155,125.87076023333333,0.6129700007926676,3450.5295,-15.270458984375182
88.0,122.35559004666668,0.7192151986389557,502.4114,-25.588592529296875
88.0,117.16324785666666,0.7510887723738767,970.8272,90.82720947265625
89.9,114.43038459999998,0.7856304976536802,265.44003,-4.259967041015614
78.9,115.92999999999999,0.6805831104977142,252.89966,16.19965820312501
59.9,59.9,1.0,188.55891,8.858914184570324
59.9,59.9,1.0,177.54,-2.160006713867176
59.9,59.9,1.0,1127.2563,-10.843652343749909
59.9,59.9,1.0,1553.2513,-64.04865722656245
59.9,59.9,1.0,1022.79596,4.4959594726562955
59.9,59.9,1.0,1964.2366,107.33657226562491
53.64828125,53.28031332666666,1.0069062642533142,4557.2915,-154.8984960937496
55.425,55.425000000000004,0.9999999999999999,1725.9222,-43.777758789062545
49.9,49.9,1.0,1451.8815,4.781469726562591
50.9,50.60076805,1.0059135851397418,1845.5734,17.17336425781241
53.9,53.9,1.0,1881.0284,-5.4715576171875
53.9,53.9,1.0,752.96466,52.264660644531205
53.70952381,53.39419002333333,1.0059057696451406,1537.7697,-21.33034667968741
49.9,49.9,1.0,297.68396,-1.7160400390624773
49.9,49.903333333333336,0.9999332041947765,670.8409,-27.759118652343773
49.9,49.903333333333336,0.9999332041947765,532.39795,33.39794921875
150.3545455,134.8361323,1.11509091024261,3317.1875,9.387499999999818
149.9,125.87076023333333,1.1909040647893314,10332.067,-11.032617187500364
149.9,122.35559004666668,1.2251177076815847,6922.5254,-722.3746093749996
149.9,117.16324785666666,1.2794114429414105,5228.9854,-17.5146484375
149.9,116.23333333333333,1.289647261256094,7796.802,2.001757812499818
149.9,114.43038459999998,1.3099667586016313,4057.123,9.823046874999818
149.9,115.92999999999999,1.293021650996291,1984.7759,36.075878906249955
149.9,115.92999999999999,1.293021650996291,795.4955,45.9954833984375
61.99,57.656666666666666,1.0751575417702492,193.16176,7.191758422851564
61.99,55.57333333333333,1.1154630518234165,802.06885,-3.8011523437500045
64.99,67.99,0.9558758640976615,942.6533,-32.19667968750002
64.99,54.32333333333333,1.1963551573909308,2465.5452,-4.074833984374891
66.99,54.32333333333333,1.2331717494017302,1752.6018,10.861806640624991
66.99,54.32333333333333,1.2331717494017302,1833.0609,24.330913085937482
66.99,55.26714285666666,1.2121125959729118,1860.8549,-14.865141601562527
59.9,59.9,1.0,238.56454,-1.0354553222656193
59.9,59.9,1.0,67.439224,7.539224243164064
59.9,59.9,1.0,840.53156,1.9315551757812273
59.9,59.9,1.0,2276.9219,-59.17812499999991
59.9,59.9,1.0,2221.6003,5.300341796874818
59.9,59.9,1.0,2281.508,-54.59194335937491
52.40694444,53.28031332666666,0.983608037713443,4769.1196,-0.5803710937498181
55.1,55.425000000000004,0.9941362201172755,2853.9697,-27.63027343749991
49.9,49.9,1.0,598.79205,-0.007946777343704525
50.54516129,50.60076805,0.9989010688544283,1978.0193,7.919287109375091
53.9,53.9,1.0,1662.0515,-8.848486328125091
53.9,53.9,1.0,2493.2483,13.848291015624909
53.41515152,53.39419002333333,1.0003925801038935,2974.7483,-7.651708984375091
49.9,49.9,1.0,602.2953,3.4952880859375455
49.91,49.903333333333336,1.0001335916104468,291.3187,-8.141304931640605
49.91,49.903333333333336,1.0001335916104468,290.96692,-8.49308105468748
47.35789474,57.656666666666666,0.8213776043244493,988.55383,-5.486166992187464
48.45944444,55.57333333333333,0.8719909628119002,2815.4,5.749902343749909
53.70176471,64.22725490333333,0.8361211263166244,988.58435,22.674350585937532
52.06928571,54.32333333333333,0.9585068241394122,1691.7462,-31.333784179687427
49.98,54.32333333333333,0.9200466343498803,457.28958,7.469581298828132
51.512,54.32333333333333,0.9482481438301529,253.59697,-3.9630303955078148
50.71,55.26714285666666,0.9175433608267856,668.83026,110.98026123046873
157.99,168.66333333333333,0.9367181169588332,788.7189,-1.2311279296875455
171.792,176.9219697,0.971004337625798,915.7346,-101.21538085937505
169.9,170.15641026666665,0.9984930907612307,839.08453,-10.41546630859375
160.4,157.91619046666668,1.0157286566120503,1619.0323,15.0323486328125
149.475,172.28833333333333,0.8675863136408927,2432.2544,40.65439453125009
140.56,138.47777776666666,1.015036508145313,3644.5774,-15.422607421875
149.0,147.65333333333334,1.0091204623442298,873.9289,-20.07110595703125
148.5,151.83333333333334,0.978046103183315,1203.8881,15.8880615234375
145.9942857,139.4138889,1.0472004392956864,1971.6938,-72.22615234375007
123.9666667,124.98752830000001,0.9918322922783969,1131.1782,15.478222656249955
119.19,120.26065276666667,0.9910972313717273,1203.0553,11.155297851562409
118.1318182,113.77459113333333,1.038297013623722,2594.3564,-4.543554687500091
139.9,120.74000000000001,1.1586880901109822,139.74622,-0.15378417968750568
138.98,126.12121213333334,1.101955790379437,705.6038,10.703820800781273
138.0,120.85030303333333,1.141908597133897,394.89215,-19.10784912109375
84.99,57.45913580333333,1.4791381529109169,263.63574,8.665742187500001
84.99,57.656666666666666,1.474070648089264,342.2519,2.2918920898437705
84.99,57.656666666666666,1.474070648089264,264.116,9.145997314453126
84.99,57.656666666666666,1.474070648089264,3073.5535,13.913466796875127
84.99,57.656666666666666,1.474070648089264,4380.1743,130.67431640625
84.99,57.656666666666666,1.474070648089264,1121.5491,16.67907226562511
84.99,57.656666666666666,1.474070648089264,610.1144,15.18437988281255
84.99,55.57333333333333,1.5293306142034548,331.5328,-8.427193603515605
84.99,54.32333333333333,1.5645210774989262,182.7331,12.75309326171876
179.99,179.99,1.0,186.55894,6.568944702148428
179.99,179.99,1.0,529.521,-10.449003906250027
179.99,59.9,3.0048414023372287,377.13034,17.150340576171857
179.99,59.9,3.0048414023372287,1086.9028,6.962832031249945
179.99,53.28031332666666,3.3781708244931714,2365.0679,25.19787109375011
183.99,55.425000000000004,3.319621109607578,2747.2358,-12.614160156249909
187.8542857,49.9,3.7646149438877754,2636.072,6.112021484374964
179.0,50.60076805,3.537495711984554,2167.5078,19.5078125
175.1538462,53.9,3.249607536178108,2277.9138,0.913818359375
179.0,53.9,3.320964749536178,1947.096,-21.904052734375
179.0,53.39419002333333,3.3524246724555007,535.2168,-1.783203125
159.0,49.9,3.1863727454909823,1715.2844,125.284423828125
139.0,49.903333333333336,2.785385077817113,1326.0696,214.069580078125
139.0,49.903333333333336,2.785385077817113,962.9285,-10.07147216796875
59.9,59.9,1.0,176.18852,-3.511477661132801
59.9,59.9,1.0,395.6736,-23.626385498046886
59.9,59.9,1.0,230.06232,-9.537683105468744
59.9,59.9,1.0,1118.7445,-19.35549316406241
59.9,59.9,1.0,1312.4309,54.53090820312491
59.9,59.9,1.0,1400.2118,22.511791992187455
59.9,59.9,1.0,1121.675,-16.42495117187491
53.37910448,53.28031332666666,1.001854177409349,3867.1077,-530.5923339843748
55.77096774,55.425000000000004,1.0062420882273342,2262.252,29.65195312500009
49.9,49.9,1.0,1280.6661,33.1661376953125
51.025,50.60076805,1.0083839033743678,2351.689,104.08896484375009
53.9,53.9,1.0,1364.4215,16.9215087890625
53.9,53.9,1.0,1072.4015,-5.5985107421875
52.56666667,53.39419002333333,0.9845016217500124,929.6132,41.313220214843795
49.9,49.9,1.0,363.86862,-35.331378173828114
49.9,49.903333333333336,0.9999332041947765,452.01993,2.9199279785156023
49.9,49.903333333333336,0.9999332041947765,344.14578,-5.154217529296886
163.0,170.33333333333334,0.9569471624266144,674.8031,22.8031005859375
161.5909091,173.52160606666666,0.9312437382461588,1762.7004,-14.799560546875
160.6692308,167.07948720000002,0.9616334924925481,2075.931,-12.769091796874818
148.7785714,154.04238093333333,0.9658288225523377,2707.9148,-54.585205078125
134.9,167.43,0.8057098488920743,129.9995,-4.900503540039068
133.0,138.47777776666666,0.9604429110936727,2054.3374,59.33740234375
149.0,147.65333333333334,1.0091204623442298,564.019,-31.98101806640625
128.2416667,139.4138889,0.9198629183351044,792.6396,23.189587402343705
117.4412903,124.98752830000001,0.9396240720763177,3660.6604,19.980400390625164
105.648625,120.26065276666667,0.8784970193449942,8957.19,-4.299570312499782
103.7925234,113.77459113333333,0.9122645255509179,7435.392,-4384.807910156251
119.0,120.74000000000001,0.9855888686433658,1063.4299,-7.570068359375
118.3636364,126.12121213333334,0.9384911102413751,1304.3773,2.3773193359375
112.0,120.85030303333333,0.9267663976738874,113.13971,1.13970947265625
29.5,52.99666666666667,0.5566387823133531,29.594116,0.0941162109375
29.5,86.49333333333334,0.34106674888238014,2242.2712,0.271240234375
35.0,88.32666666666667,0.39625632123179105,910.4347,0.4346923828125
35.0,84.95111111,0.41200167417092187,140.89738,0.8973846435546875
35.0,35.0,1.0,140.16241,0.16241455078125
65.0,65.0,1.0,96.54399,-33.45600891113281
65.0,65.0,1.0,66.44355,1.4435501098632812
142.5,113.99666666666667,1.2500365507763385,147.1458,4.6457977294921875
142.5,113.99666666666667,1.2500365507763385,142.78369,0.28369140625
142.5,113.99666666666667,1.2500365507763385,265.63843,-19.361572265625
118.05,97.69666666666666,1.208331911699478,1015.75586,71.35585937500002
118.0,97.66333333333334,1.208232362879279,1420.8318,4.831787109375
117.9,97.59666666666668,1.2080330612384302,703.23065,-4.169348144531227
117.8888889,97.58925926666666,1.2080108998251926,1278.3243,-18.475659179687455
117.7,95.29666666666667,1.235090419392074,451.25064,-19.549359130859386
117.975,95.31333333333333,1.23775966986081,988.8863,45.086291503906295
119.9,119.90000000000002,0.9999999999999999,2034.4154,-3.8845947265624545
119.1785714,119.1785714,1.0,1648.0565,-20.4434814453125
118.7,95.79666666666667,1.2390827794982429,698.60406,105.10406494140625
116.9066667,94.60111113333333,1.2357853443732667,1991.7189,4.318872070312409
129.99,119.99000000000001,1.0833402783565298,1034.6628,-5.257158203125073
129.99,119.99000000000001,1.0833402783565298,1823.4913,3.6313330078126
129.99,119.99000000000001,1.0833402783565298,2345.906,6.086005859374836
129.99,119.99000000000001,1.0833402783565298,2173.637,-36.19303710937493
129.99,119.99000000000001,1.0833402783565298,2117.6414,37.801357421874854
116.9275,111.28166666666665,1.0507346223546856,1944.1274,73.28744140625008
119.99,113.32333333333332,1.0588287201811926,1205.7557,5.855737304687409
129.99,119.99000000000001,1.0833402783565298,1142.5763,-27.333706054687582
129.99,119.99000000000001,1.0833402783565298,386.91525,-3.0547473144531523
129.99,86.49333333333334,1.5028903961769693,465.58676,-54.37323852539066
129.99,119.99000000000001,1.0833402783565298,250.58586,-9.39413879394533
129.99,88.32666666666667,1.471695977054872,128.54355,-1.446451416015634
129.99,84.95111111,1.530174217870804,131.44904,1.459035644531241
94.9,94.90000000000002,0.9999999999999999,371.4287,-8.171289062500023
100.9,120.59666666666665,0.8366732082147104,613.5102,2.1101928710937727
109.9,119.93,0.9163678812640706,1090.4172,-8.582763671875
109.9,121.8347619,0.902041406624196,218.55045,-1.2495544433593864
98.9,116.59666666666668,0.8482232196460733,388.9943,-6.605706787109398
98.9,117.49862746666668,0.8417119598103991,376.43753,-19.162469482421898
98.9,119.59666666666668,0.8269461244739262,595.5951,2.1950927734375227
98.9,119.59666666666668,0.8269461244739262,100.42885,1.5288482666015568
90.534,134.8361323,0.6714372361153821,2789.4038,-5.736191406249873
84.75608696,125.87076023333333,0.6733580285276989,2573.36,36.170107421874945
87.5,122.35559004666668,0.7151287486466888,1165.068,25.267993164062545
94.0,117.16324785666666,0.8022993704902773,490.10443,20.10443115234375
73.0,114.43038459999998,0.6379424508200072,295.76807,3.76806640625
66.34214286,115.92999999999999,0.5722603541792461,1205.3423,5.862285156249982
79.9,115.92999999999999,0.6892090054343138,75.19297,-4.707029724121099
19.9,19.9,1.0,12.17962,-7.720380210876463
19.9,19.9,1.0,232.38019,13.480187988281244
19.9,19.9,1.0,179.03297,-0.06702575683593182
20.66666667,20.95873016,0.9860648289390448,257.03775,9.037750244140625
24.5,24.5,1.0,563.91437,0.41436767578125
24.5,24.5,1.0,411.92566,-4.5743408203125
27.03333333,27.03333333,1.0,257.89368,-13.306323242187489
32.5,32.5,1.0,27.485489,-5.0145111083984375
32.74285714,32.66190476,1.0024784953784796,228.37102,-0.8289825439453011
34.2,34.48571428666667,0.99171499583011,204.19113,-1.0088684082031136
349.9,254.92999999999998,1.3725336366845802,2789.891,-9.308886718749818
349.9,144.96,2.4137693156732887,1396.8441,-2.755883789062409
349.9,58.32333333333332,5.999314168143111,693.30725,-6.4927490234374545
349.9,144.96,2.4137693156732887,353.79474,3.8947387695312727
349.9,58.32333333333332,5.999314168143111,1408.7855,9.185522460937591
349.9,56.25984127,6.219356331290978,608.11,-91.69001464843745
349.9,56.41222222333332,6.202556577451645,362.88974,12.989739990234398
349.9,57.45913580333333,6.0895451194673464,2457.9358,8.635791015624818
349.9,57.656666666666666,6.0686824304792735,2461.329,12.029101562499818
349.9,57.656666666666666,6.0686824304792735,3505.2139,6.2138671875
322.1363636,57.656666666666666,5.58714858530381,3736.8098,193.309814453125
349.9,57.656666666666666,6.0686824304792735,2435.037,-14.262890625000182
349.9,57.656666666666666,6.0686824304792735,4171.6963,-27.103710937500182
349.9,57.656666666666666,6.0686824304792735,4897.7866,-350.71337890625
349.9,55.57333333333333,6.296185220729367,5926.471,-21.828808593750182
349.9,162.96,2.147152675503191,2515.1504,65.85039062499982
352.25,54.32333333333333,6.484322267902068,3527.2542,14.154150390625091
364.0,54.32333333333333,6.700619745965516,4004.7607,0.7607421875
364.0,54.32333333333333,6.700619745965516,3994.6287,-9.371337890625
364.0,55.26714285666666,6.58619174405344,3271.2898,-4.710205078125
239.9,199.62463636666666,1.2017554765102056,496.40665,16.606646728515614
239.9,202.42999999999998,1.1851010225757053,549.6984,69.89842529296874
229.9,178.96666666666667,1.2845967591730303,483.0734,23.273394775390614
204.6181818,139.4138889,1.4677029915345832,2238.9841,-11.815869140625182
167.5,124.98752830000001,1.3401337099647244,2679.8132,-0.186767578125
150.3423077,120.26065276666667,1.2501371333124114,3969.9287,61.02871093749991
145.1666667,113.77459113333333,1.2759146418718224,4319.0635,-35.9365234375
152.6333333,120.74000000000001,1.2641488595328805,445.91666,-11.983343505859352
157.1428571,126.12121213333334,1.245966911052766,2195.3452,-4.65478515625
157.9454545,120.85030303333333,1.3069512490708026,1712.8696,-24.53037109375009
99.9,70.58476190333333,1.415319642741223,109.71278,9.812783813476557
99.9,91.60000000000001,1.0906113537117903,298.9366,-0.7633850097656136
99.9,69.4317757,1.4388224842706998,1295.3871,-3.3129150390625455
99.9,69.4,1.4394812680115274,1290.2169,-8.483081054687545
99.9,68.42857143,1.4599164926626322,1223.0093,24.209277343750045
99.9,68.26666666666667,1.46337890625,1292.3081,-6.3918945312500455
99.9,68.26666666666667,1.46337890625,1299.1997,0.4997070312499545
99.9,74.93333333333334,1.333185053380783,1026.9631,27.963134765625
78.53571429,67.81190476333335,1.1581405147679193,1096.9854,-2.5146484375
83.83333333,74.02222221,1.1325427800879313,727.92737,-26.5726318359375
229.9,190.15641026666665,1.2090047328806783,1843.6882,4.4882324218749545
219.06,177.46952380000002,1.2343527796179277,2194.6536,4.053564453125091
216.15,194.51333333333332,1.1112348767865101,1755.023,25.822949218749955
203.2909091,138.47777776666666,1.4680399438713023,2400.9316,5.731640625000182
224.5428571,147.65333333333334,1.520743568945277,6265.537,-21.662890624999818
220.77,175.92333333333332,1.2549216514769692,2210.9502,3.250195312500182
205.6857143,139.4138889,1.4753602809798674,4327.2544,7.854394531250364
216.1875,124.98752830000001,1.7296725756596947,3442.1821,-16.81787109375
204.3846154,120.26065276666667,1.6995136039761332,2621.713,-35.287109375
199.0,113.77459113333333,1.7490724248509084,3395.0955,12.095458984375
64.99,64.99,1.0,65.93793,0.9479272460937551
64.99,49.98999999999999,1.3000600120024006,316.20642,-8.743579101562489
64.99,58.32333333333332,1.1143053094816255,576.32684,-8.583156738281218
64.99,49.98999999999999,1.3000600120024006,568.0938,-16.816188964843718
64.99,58.32333333333332,1.1143053094816255,1051.1862,11.346157226562582
58.79952381,56.25984127,1.0451420139600403,1242.9272,8.137246093750036
59.25666667,56.41222222333332,1.0504224853154278,889.6835,0.8334716796874773
58.99,57.45913580333333,1.0266426596095422,1343.4371,45.65713378906253
58.99,57.656666666666666,1.023125397467769,1423.1439,-51.6060791015625
58.99,57.656666666666666,1.023125397467769,1114.9336,-5.876406249999945
58.99,57.656666666666666,1.023125397467769,1405.7759,-9.984121093749991
58.99,57.656666666666666,1.023125397467769,502.24857,-28.661434326171843
58.99,57.656666666666666,1.023125397467769,345.24512,-8.694882812499998
58.99,57.656666666666666,1.023125397467769,832.2117,6.351669921874986
58.99,55.57333333333333,1.0614803262955854,621.17267,31.272668457031273
58.99,65.99,0.8939233217154116,692.18384,43.293837890625014
58.99,54.32333333333333,1.0859053813585324,230.3764,-5.583596191406258
58.99,54.32333333333333,1.0859053813585324,332.0084,-21.931607666015623
58.99,54.32333333333333,1.0859053813585324,121.23347,3.2534671020507773
58.99,55.26714285666666,1.0673611290706386,178.47296,1.5029614257812511
99.0,78.28333333333335,1.2646370023419202,748.446,-43.55401611328125
99.0,76.47727272666667,1.29450222883641,2185.9153,7.915283203125
99.0,75.82607843000001,1.3056194128698526,681.20087,-11.79913330078125
98.3,75.06333333333333,1.3095608153115148,1089.3143,7.3143310546875
92.0,72.96333333333334,1.2609073050390607,1203.6047,7.604736328125
92.0,72.96333333333334,1.2609073050390607,269.6395,-6.360504150390625
90.875,71.97000000000001,1.262678893983604,809.71783,-5.28216552734375
88.24,70.62653846,1.2493887131389787,1230.4592,-4.9007714843749
84.9,68.26333333333334,1.2437130719273402,1152.5973,-36.00270996093741
84.9,67.60777777666668,1.2557726757482828,787.9819,23.881872558593727
84.9,66.04666666666667,1.2854547289795095,91.17085,6.270852661132807
99.99,99.99,1.0,96.6946,-3.295397033691401
99.99,99.99,1.0,1123.776,23.8860009765624
96.65666667,96.65666667,1.0,700.4576,-59.46241943359371
109.99,76.59666666666666,1.435963270812481,221.84384,1.8638415527343852
119.99,79.92999999999999,1.501188539972476,231.02611,-8.953892211914052
120.0,59.9,2.003338898163606,243.75488,3.7548828125
104.25,59.9,1.7404006677796329,397.66867,-19.331329345703125
92.594,59.9,1.5458096828046743,1146.0479,40.12785156249993
89.99,53.28031332666666,1.6889915689546111,2020.0094,130.21939941406254
89.99,55.425000000000004,1.623635543527289,1261.4108,1.5507666015626
123.3316667,49.9,2.471576486973948,1463.5807,-16.399311523437518
120.0,50.60076805,2.3715055052410414,1645.5251,-34.474853515625
113.3333333,53.9,2.1026592448979593,678.13715,-1.86285400390625
110.0,53.9,2.0408163265306123,753.3508,-16.649169921875
110.0,53.39419002333333,2.060149240056453,844.09216,-35.9078369140625
96.65666667,49.9,1.9370073480961927,982.94946,13.049462890625023
99.99,49.903333333333336,2.0036737692872886,529.4953,29.54530029296876
99.99,49.903333333333336,2.0036737692872886,199.15346,-0.8265423583984273
89.9,89.90000000000002,0.9999999999999999,175.35625,-4.443753051757824
89.9,89.90000000000002,0.9999999999999999,1988.6533,10.853320312500045
89.9,89.90000000000002,0.9999999999999999,3078.2146,21.61459960937509
89.9,116.94999999999999,0.768704574604532,5216.3013,2.101269531250182
89.9,114.94999999999999,0.7820791648542846,4580.5815,-4.318457031249636
89.9,113.61666666666666,0.7912571512395483,5393.106,-0.89404296875
89.9,111.78660130000002,0.804210871021445,3331.1062,4.806201171874818
89.9,99.7495699,0.9012570188535721,2046.0593,-21.640673828124818
89.9,75.25,1.19468438538206,1251.1958,-7.404199218749909
89.9,73.44393939333334,1.2240628803764906,3573.7102,-22.289794921875
88.48823529,72.32215686,1.2235287100368704,1623.574,29.373974609374955
86.9,71.26333333333334,1.2194209270779737,1464.5066,-12.793408203124955
86.9,71.26333333333334,1.2194209270779737,1939.2966,27.496630859375045
86.9,71.26333333333334,1.2194209270779737,1462.2762,-15.023754882812455
85.045,70.02666666666667,1.2144659177456207,546.83624,36.56624267578127
83.64961538,69.09641025333333,1.2106217251129134,2162.1777,-12.712265624999873
79.9,66.59666666666668,1.1997597477351218,1851.8865,14.186474609374955
77.93333333,65.28555555333334,1.1937301087425745,780.5336,-0.7663696289062045
74.0,62.413333333333334,1.185644093142491,515.6616,-2.33837890625
38.4,50.6,0.758893280632411,43.42284,5.0228401184082045
38.4,38.4,1.0,239.38318,8.983178710937494
38.4,50.6,0.758893280632411,299.2945,-7.905505371093739
34.58117647,70.58476190333333,0.4899241073782941,1179.8661,9.516088867187591
38.4,71.10000000000001,0.540084388185654,148.45016,-5.149835205078119
38.4,69.4317757,0.5530608948548035,570.1567,-5.84332275390625
38.4,69.4,0.5533141210374639,167.21953,13.619528198242193
35.48571429,68.42857143,0.5185803758346851,545.95795,52.55794677734377
35.0,68.26666666666667,0.5126953125,142.24716,2.247161865234375
35.0,68.26666666666667,0.5126953125,145.8489,5.848907470703125
35.0,74.93333333333334,0.4670818505338078,76.67987,6.67987060546875
35.0,74.02222221,0.47283098176525284,43.36825,8.36825180053711
108.0,138.47777776666666,0.7799085293091478,1393.3654,-10.6346435546875
108.0,147.65333333333334,0.7314430196857504,1407.7374,3.7374267578125
108.0,138.33333333333334,0.780722891566265,4729.2754,-22.724609375
108.0,139.4138889,0.7746717407579612,3558.685,-5.31494140625
105.6428571,124.98752830000001,0.8452271881593805,2219.339,5.339111328125
105.0,120.26065276666667,0.8731035262524656,2200.4683,-4.53173828125
105.0,113.77459113333333,0.922877410097213,3874.8975,-10.1025390625
105.0,120.74000000000001,0.869637237038264,2953.7134,13.71337890625
105.0,126.12121213333334,0.8325324362486753,837.96216,-2.037841796875
105.0,120.85030303333333,0.8688434978192694,811.8988,76.8988037109375
78.0,132.33533333333332,0.5894117469257392,81.51731,3.5173110961914062
78.0,142.0,0.5492957746478874,243.79439,9.794387817382812
78.0,145.6579697,0.5355010794167344,81.009186,3.009185791015625
78.0,139.52307693333333,0.5590473039615506,436.9758,46.975799560546875
78.0,148.46333333333334,0.5253822492646893,244.57669,10.576690673828125
78.0,138.47777776666666,0.5632672711677178,159.40465,3.4046478271484375
78.0,147.65333333333334,0.5282644031063752,474.69043,6.6904296875
78.0,128.33333333333334,0.6077922077922078,662.2251,-39.77490234375
78.0,139.4138889,0.559485146102972,84.30146,6.301460266113281
78.0,124.98752830000001,0.624062264938797,84.962555,6.962554931640625
78.0,120.26065276666667,0.6485911909304031,1206.7974,-41.20263671875
78.0,113.77459113333333,0.6855660760722154,430.4315,40.431488037109375
78.0,120.74000000000001,0.6460162332284247,3022.6697,-19.330322265625
78.0,126.12121213333334,0.6184526669275874,3140.041,20.041015625
77.82142857,120.85030303333333,0.6439489733719164,2444.122,265.1220703125
75.0,62.800000000000004,1.1942675159235667,366.73367,-8.266326904296875
75.0,62.800000000000004,1.1942675159235667,960.863,-14.13702392578125
75.0,62.800000000000004,1.1942675159235667,368.90167,-6.09832763671875
75.0,70.58476190333333,1.0625522843402573,3296.5266,-3.473388671875
75.0,83.3,0.9003601440576231,3518.3484,-6.651611328125
69.9953271,69.4317757,1.0081166208744967,8512.3,-25.7001953125
69.9,69.4,1.0072046109510087,3093.0588,17.45883789062509
69.9,68.42857143,1.0215031315026826,4543.667,0.1669921875
69.9,68.26666666666667,1.02392578125,5800.7217,-0.9783203124998181
69.9,68.26666666666667,1.02392578125,6425.9497,-4.850292968750182
89.9,74.93333333333334,1.1997330960854093,179.40155,-0.39844970703126137
89.9,67.81190476333335,1.3257259225169258,182.49263,2.692630004882801
103.2333333,74.02222221,1.3946262381468162,311.2701,1.5701110839843864
59.9,59.9,1.0,283.1131,-16.38690185546875
59.9,59.9,1.0,119.51849,-0.28150634765624716
59.9,59.9,1.0,284.64392,-14.8560791015625
59.9,59.9,1.0,901.08624,2.58624267578125
59.9,59.9,1.0,1125.8055,-12.294458007812409
59.9,59.9,1.0,2057.193,20.59311523437509
59.9,59.9,1.0,789.39526,10.695263671874955
54.45,53.28031332666666,1.021953449600829,495.0636,-0.4364013671875
49.9,55.425000000000004,0.900315741993685,58.22386,8.323861694335939
49.9,49.9,1.0,62.405987,12.505986785888673
51.23333333,50.60076805,1.0125011003662028,200.95982,-2.640176391601557
53.9,53.9,1.0,103.36997,-4.430027770996091
53.9,53.9,1.0,108.193115,0.39311523437500284
49.9,53.39419002333333,0.9345586098074272,208.96474,9.364736938476568
49.9,49.9,1.0,250.34369,0.84368896484375
49.9,49.903333333333336,0.9999332041947765,149.45914,-0.24086303710936363
49.9,49.903333333333336,0.9999332041947765,150.4399,0.7398956298828239
38.4,50.6,0.758893280632411,42.303223,3.9032226562500014
38.4,50.6,0.758893280632411,305.6215,-1.5785095214843636
38.4,38.4,1.0,504.50467,43.704669189453114
38.4,50.6,0.758893280632411,955.0532,-4.94677734375
36.85428571,70.58476190333333,0.52212807291852,1024.5682,-1.941762695312491
38.4,69.4317757,0.5530608948548035,77.32589,0.5258895874023466
38.4,69.4,0.5533141210374639,334.2519,-11.348107910156273
35.48571429,68.42857143,0.5185803758346851,603.76263,1.9626342773437955
35.0,68.26666666666667,0.5126953125,591.1355,-3.864501953125
35.0,68.26666666666667,0.5126953125,374.61346,-10.38653564453125
35.0,74.93333333333334,0.4670818505338078,452.7651,-2.234893798828125
35.0,67.81190476333335,0.5161335627151545,344.6603,-5.339691162109375
35.0,74.02222221,0.47283098176525284,556.5945,-3.405517578125
325.0,57.45913580333333,5.656193666267185,1948.0911,-1.908935546875
325.0,57.656666666666666,5.6368156327686885,3578.9946,3.99462890625
325.0,57.656666666666666,5.6368156327686885,650.67255,0.67254638671875
325.0,57.656666666666666,5.6368156327686885,3900.0044,0.00439453125
325.0,57.656666666666666,5.6368156327686885,1950.5933,0.59326171875
325.0,57.656666666666666,5.6368156327686885,3459.5422,209.542236328125
325.0,57.656666666666666,5.6368156327686885,7473.075,-1.9248046875
325.8928571,55.57333333333333,5.864194885436661,8038.4927,-1086.50732421875
330.0,156.32666666666668,2.1109642202226104,6929.2705,-0.7294921875
330.0,54.32333333333333,6.074737681781923,6262.5044,-7.49560546875
330.0,54.32333333333333,6.074737681781923,5281.4653,1.46533203125
330.0,54.32333333333333,6.074737681781923,4290.1245,0.12451171875
330.0,55.26714285666666,5.970998009718778,9192.428,-47.572265625
99.99,99.99,1.0,97.59569,-2.3943121337890574
99.99,99.99,1.0,533.97656,34.02656250000001
109.99,76.59666666666666,1.435963270812481,421.50626,-18.453743896484355
109.99,76.59666666666666,1.435963270812481,655.29407,-4.645932617187555
120.0,59.9,2.003338898163606,118.951836,-1.0481643676757812
120.0,59.9,2.003338898163606,249.47414,9.474136352539062
102.5,59.9,1.7111853088480802,738.8795,3.8795166015625
95.29,59.9,1.5908180300500836,1674.9532,55.023247070312436
89.99,53.28031332666666,1.6889915689546111,2538.3848,18.6647656250002
89.99,55.425000000000004,1.623635543527289,2156.9526,-272.77736328125
127.7272727,49.9,2.5596647835671344,1372.7133,-32.2867431640625
120.0,50.60076805,2.3715055052410414,877.9043,37.904296875
110.0,53.9,2.0408163265306123,670.7434,10.743408203125
110.0,53.9,2.0408163265306123,576.4588,26.45880126953125
110.0,53.39419002333333,2.060149240056453,221.9063,1.9062957763671875
89.99,49.9,1.8034068136272545,564.13824,24.198244628906195
99.99,49.903333333333336,2.0036737692872886,672.65924,-27.2707592773437
98.32333333,49.903333333333336,1.9702758666087767,589.8285,-0.11150878906255457
85.70428571,85.70428570999998,1.0000000000000002,613.52936,13.5993579101563
99.99,109.99000000000001,0.9090826438767159,1397.1493,-2.7107080078124
99.99,109.99000000000001,0.9090826438767159,1689.3632,-10.466840820312427
99.99,109.99000000000001,0.9090826438767159,2186.6584,-13.1215527343752
99.99,109.99000000000001,0.9090826438767159,1390.4249,-9.4350732421874
99.99,109.99000000000001,0.9090826438767159,1128.7382,28.8481591796874
99.99,105.63583333333332,0.9465538051324125,1401.0903,1.2303320312501
99.99,76.49333333333333,1.3071727383649991,300.46817,0.4981701660155977
99.99,106.65666666666665,0.9374941400756321,201.00627,1.0262713623046977
99.99,109.99000000000001,0.9090826438767159,383.32635,-16.63364501953123
99.99,109.99000000000001,0.9090826438767159,303.35507,3.3850720214843477
99.99,86.49333333333334,1.1560428549406503,302.70795,2.7379467773437227
99.99,109.99000000000001,0.9090826438767159,103.080605,3.0906045532226614
99.99,88.32666666666667,1.1320477017133368,201.23152,1.2515216064453227
89.86333333,84.95111111,1.0578241079582744,262.4266,-7.1633947753906
159.99,159.99,1.0,491.15613,11.186127929687473
159.99,159.99,1.0,534.73157,54.76156738281247
139.99,139.99,1.0,734.05695,34.106945800781205
159.99,159.99,1.0,483.69702,3.7270214843749727
139.99,139.99,1.0,844.7733,4.833315429687445
145.7042857,145.7042857,1.0,976.1639,-43.7661206054687
151.99,151.99,1.0,1544.856,-135.0340429687501
154.6958824,154.6958824,1.0,2620.9067,-8.923261718749927
149.99,136.62666666666667,1.0978091148628868,2702.592,2.7720410156248363
149.99,136.62666666666667,1.0978091148628868,3461.6147,11.844746093750018
156.5113514,134.8361323,1.1607523052632087,6753.5796,6.679589843750364
149.0,125.87076023333333,1.1837538736064737,4582.2637,-36.736328125
136.1428571,122.35559004666668,1.1126819546869482,6538.2236,552.2236328125
120.9230769,117.16324785666666,1.0320905156874192,6755.749,-8.2509765625
119.0,116.23333333333333,1.023802695726986,3434.9172,459.917236328125
114.4911538,114.43038459999998,1.0005310582518134,3089.3728,2.6128027343747817
119.99,115.92999999999999,1.0350211334425947,1082.5055,2.595493164062418
119.99,115.92999999999999,1.0350211334425947,1208.2347,8.334741210937409
339.0,226.52307693333333,1.496536267250904,672.3078,-5.69219970703125
339.0,217.44952380000004,1.5589824897101014,344.4951,5.495086669921875
346.158,237.84933333333333,1.45536670273058,3430.6387,-30.941328124999927
345.7066667,138.47777776666666,2.496477574058933,3122.2332,10.873154296874873
348.8,147.65333333333334,2.362290048762868,3720.1033,-116.69672851562518
339.9,215.63333333333333,1.576286906786211,341.1337,1.2336975097656477
347.0,139.4138889,2.4889916115093755,1738.1328,3.1328125
307.8333333,124.98752830000001,2.462912400036636,1829.8873,-17.1126708984375
280.6666667,120.26065276666667,2.333819584736147,1700.9003,16.9002685546875
258.9695652,113.77459113333333,2.276163444055022,5962.261,5.961230468749818
245.9,120.74000000000001,2.0366075865496107,1002.2079,18.607885742187477
169.3493182,126.12121213333334,1.3427504805533155,7645.06,-6.209941406250437
178.0571429,178.0571429,1.0,2673.5483,-42.15166015624982
149.8525,153.23166666666665,0.9779473346457978,2297.5298,49.8097851562502
146.6,144.39666666666668,1.015258893326254,569.71814,-15.051860351562482
144.96,145.20809523333335,0.9982914503978949,1863.4124,-21.037646484375045
138.59,143.0566666666667,0.968776941538318,1634.131,-22.73901855468739
137.9,143.49862746666668,0.9609848012799483,2218.3567,11.956689453124909
137.9,132.59666666666666,1.0399959777772192,2448.6143,-33.58574218749982
134.9,131.59666666666666,1.0251019529370045,263.62308,-6.176922607421886
133.0,134.8361323,0.9863824905929907,677.1882,12.18817138671875
132.97,125.87076023333333,1.0564010239829047,392.61987,-6.290126953125025
29.9,57.656666666666666,0.5185870382147193,29.012325,-0.8876747131347642
29.9,57.656666666666666,0.5185870382147193,188.67813,9.27813110351562
29.9,57.656666666666666,0.5185870382147193,188.95107,9.551065063476557
29.9,57.656666666666666,0.5185870382147193,452.07,3.57000732421875
29.9,57.656666666666666,0.5185870382147193,476.64737,-1.7526306152343523
29.9,55.57333333333333,0.53802783109405,335.2507,6.350701904296898
29.9,56.29333333333333,0.5311463761250592,777.9354,120.13542480468755
29.9,54.32333333333333,0.550408050561453,779.49054,121.6905395507813
29.9,54.32333333333333,0.550408050561453,220.00363,10.703631591796864
29.9,54.32333333333333,0.550408050561453,508.4575,-29.74251098632817
29.9,55.26714285666666,0.5410086075472468,389.0706,0.37058715820313637
241.006,241.006,1.0,1049.8396,-155.19040039062497
255.61,255.61,1.0,762.2551,-4.574873046875041
185.0,177.66666666666666,1.0412757973733584,936.0684,11.06842041015625
197.383,185.45230303333335,1.0643329674073783,1973.5084,-0.32157714843742724
179.9,173.4897436,1.0369489069900268,2696.224,-2.27587890625
164.57,159.30619046666666,1.033042090316225,2654.461,-636.9390625000001
232.49,199.96,1.1626825365073015,914.3028,-15.657204589843786
174.4333333,138.47777776666666,1.2596485595971796,3010.956,-128.84394531250018
185.96,147.65333333333334,1.25943651797002,927.4236,-2.3764160156249545
199.0,168.66666666666666,1.1798418972332017,502.3401,104.340087890625
182.0,139.4138889,1.3054653409069346,1092.3378,0.3377685546875
151.8784375,124.98752830000001,1.2151487397643015,4306.798,-553.3121484374997
150.1333333,120.26065276666667,1.2483994544025403,1339.2496,-11.950366210937545
132.53125,113.77459113333333,1.1648580643518691,4179.7065,-61.29345703125
138.22,120.74000000000001,1.14477389431837,2074.5967,1.296679687499818
155.0,126.12121213333334,1.2289764535099492,315.2458,5.24578857421875
145.5509091,120.85030303333333,1.2043901045068433,1655.6517,54.591733398437555
109.9,123.26333333333332,0.8915871170123585,111.97271,2.072709655761713
109.9,123.26333333333332,0.8915871170123585,1319.8243,1.0243408203125455
97.6425,134.8361323,0.7241567844941811,2841.9692,10.419238281249818
78.7122807,125.87076023333333,0.625342061604195,5580.3843,-1.415722656250182
81.02391304,122.35559004666668,0.6622003376314667,2169.1626,-18.137402343750182
80.66666667,117.16324785666666,0.6884980413711707,997.355,-45.54501953125009
79.8,116.23333333333333,0.6865500430169199,860.18353,-16.716467285156227
78.9,114.43038459999998,0.6895021831465558,792.2939,3.29388427734375
77.9,115.92999999999999,0.6719572155611145,547.3688,2.0687744140625455
77.9,115.92999999999999,0.6719572155611145,157.95854,2.158541870117176
45.9,60.583333333333336,0.7576341127922971,1334.0265,2.926489257812591
44.15444444,58.19542087333334,0.7587271262477064,1415.5219,-6.148149414062573
45.9,58.12607843000001,0.7896627682405306,594.8088,44.008776855468795
45.9,57.59666666666667,0.7969211181202615,836.54694,-35.55306396484377
45.9,57.59666666666667,0.7969211181202615,743.3216,8.921594238281273
47.9,58.26333333333334,0.8221294124377824,362.44644,-20.753558349609364
47.9,57.645,0.8309480440627981,338.2231,2.9231140136718636
47.9,57.17987179333334,0.8377073697039088,97.51269,1.7126876831054716
47.9,55.93000000000001,0.8564276774539602,193.85403,2.2540344238281307
47.9,55.27444444333333,0.8665849197110698,100.212074,4.412074279785159
215.0,116.94999999999999,1.838392475416845,394.7424,179.74240112304688
209.0,114.94999999999999,1.8181818181818183,2187.8523,97.852294921875
205.0,113.61666666666666,1.8043127475429075,12039.762,-55.23828125
199.5098039,111.78660130000002,1.7847380775499073,10368.936,-6.064453125
163.3987097,99.7495699,1.638089365836955,5222.1772,-0.18275390624967258
